DEBUG - 2025-10-19 07:46:25 --> Session: Class initialized using 'CodeIgniter\Session\Handlers\FileHandler' driver.
DEBUG - 2025-10-19 07:46:43 --> Login form posted: Array
(
    [csrf_test_name] => 325242faeec221af7a5c66d2120a47e1
    [username] => admin@example.com
    [password] => 1234
    [role] => admin
)

DEBUG - 2025-10-19 07:46:44 --> Employee fetched for email admin@example.com: Array
(
    [employee_id] => 2
    [name] => Admin User
    [mobile_no] => 0000000000
    [email] => admin@example.com
    [gender] => male
    [dob] => 1990-01-01
    [address] => Admin Address
    [regdate] => 2025-10-17 22:53:47
    [is_admin] => 1
    [is_doctor] => 0
    [is_staff] => 0
    [is_receptionist] => 0
    [password] => 1234
)

DEBUG - 2025-10-19 07:46:44 --> Session: Class initialized using 'CodeIgniter\Session\Handlers\FileHandler' driver.
DEBUG - 2025-10-19 07:46:46 --> Session: Class initialized using 'CodeIgniter\Session\Handlers\FileHandler' driver.
DEBUG - 2025-10-19 07:46:58 --> Session: Class initialized using 'CodeIgniter\Session\Handlers\FileHandler' driver.
DEBUG - 2025-10-19 07:47:23 --> Session: Class initialized using 'CodeIgniter\Session\Handlers\FileHandler' driver.
DEBUG - 2025-10-19 07:49:44 --> Session: Class initialized using 'CodeIgniter\Session\Handlers\FileHandler' driver.
DEBUG - 2025-10-19 07:49:52 --> Session: Class initialized using 'CodeIgniter\Session\Handlers\FileHandler' driver.
DEBUG - 2025-10-19 07:52:08 --> Session: Class initialized using 'CodeIgniter\Session\Handlers\FileHandler' driver.
DEBUG - 2025-10-19 07:52:15 --> Session: Class initialized using 'CodeIgniter\Session\Handlers\FileHandler' driver.
DEBUG - 2025-10-19 08:06:15 --> Session: Class initialized using 'CodeIgniter\Session\Handlers\FileHandler' driver.
DEBUG - 2025-10-19 09:46:22 --> Session: Class initialized using 'CodeIgniter\Session\Handlers\FileHandler' driver.
DEBUG - 2025-10-19 09:46:58 --> Session: Class initialized using 'CodeIgniter\Session\Handlers\FileHandler' driver.
INFO - 2025-10-19 09:46:58 --> PatientController::add called via HTTP method: POST
DEBUG - 2025-10-19 09:46:58 --> Patient data received: {"name":"ayesha tayyab Azeemi","email":"ayeshatayyab027@gmail.com","mobile_no":"03361213999","gender":"female","dob":"","cnic":"","bloodGroup":"","occupation":"","address":"Fb area karachi","regdate":"","guardianname":"","guardianphonenumber":"","doctorName":"","insurance":""}
DEBUG - 2025-10-19 09:47:45 --> Session: Class initialized using 'CodeIgniter\Session\Handlers\FileHandler' driver.
INFO - 2025-10-19 09:47:45 --> PatientController::add called via HTTP method: POST
DEBUG - 2025-10-19 09:47:45 --> Patient data received: {"name":"ayesha tayyab Azeemi","email":"ayeshatayyab027@gmail.com","mobile_no":"03361213999","gender":"female","dob":"","cnic":"","bloodGroup":"","occupation":"","address":"Fb area karachi","regdate":"","guardianname":"","guardianphonenumber":"","doctorName":"","insurance":""}
DEBUG - 2025-10-19 09:55:28 --> Session: Class initialized using 'CodeIgniter\Session\Handlers\FileHandler' driver.
INFO - 2025-10-19 09:55:28 --> PatientController::add called via HTTP method: POST
DEBUG - 2025-10-19 09:55:28 --> Patient data received: {"name":"ayesha tayyab Azeemi","email":"ayeshatayyab027@gmail.com","mobile_no":"03361213999","gender":"female","dob":"","cnic":"","bloodGroup":"","occupation":"","address":"Fb area karachi","regdate":"","guardianname":"","guardianphonenumber":"","doctorName":"","insurance":""}
ERROR - 2025-10-19 09:55:28 --> mysqli_sql_exception: Duplicate entry 'ayeshatayyab027@gmail.com' for key 'email' in C:\xampp\htdocs\DentAssist\system\Database\MySQLi\Connection.php:327
Stack trace:
#0 C:\xampp\htdocs\DentAssist\system\Database\MySQLi\Connection.php(327): mysqli->query('INSERT INTO `pa...', 0)
#1 C:\xampp\htdocs\DentAssist\system\Database\BaseConnection.php(729): CodeIgniter\Database\MySQLi\Connection->execute('INSERT INTO `pa...')
#2 C:\xampp\htdocs\DentAssist\system\Database\BaseConnection.php(646): CodeIgniter\Database\BaseConnection->simpleQuery('INSERT INTO `pa...')
#3 C:\xampp\htdocs\DentAssist\system\Database\BaseBuilder.php(2345): CodeIgniter\Database\BaseConnection->query('INSERT INTO `pa...', Array, false)
#4 C:\xampp\htdocs\DentAssist\system\Model.php(394): CodeIgniter\Database\BaseBuilder->insert()
#5 C:\xampp\htdocs\DentAssist\system\BaseModel.php(838): CodeIgniter\Model->doInsert(Array)
#6 C:\xampp\htdocs\DentAssist\system\Model.php(797): CodeIgniter\BaseModel->insert(Array, true)
#7 C:\xampp\htdocs\DentAssist\app\Controllers\Api\PatientController.php(44): CodeIgniter\Model->insert(Array)
#8 C:\xampp\htdocs\DentAssist\system\CodeIgniter.php(933): App\Controllers\Api\PatientController->add()
#9 C:\xampp\htdocs\DentAssist\system\CodeIgniter.php(507): CodeIgniter\CodeIgniter->runController(Object(App\Controllers\Api\PatientController))
#10 C:\xampp\htdocs\DentAssist\system\CodeIgniter.php(354): CodeIgniter\CodeIgniter->handleRequest(NULL, Object(Config\Cache), false)
#11 C:\xampp\htdocs\DentAssist\system\Boot.php(363): CodeIgniter\CodeIgniter->run()
#12 C:\xampp\htdocs\DentAssist\system\Boot.php(68): CodeIgniter\Boot::runCodeIgniter(Object(CodeIgniter\CodeIgniter))
#13 C:\xampp\htdocs\DentAssist\public\index.php(59): CodeIgniter\Boot::bootWeb(Object(Config\Paths))
#14 C:\xampp\htdocs\DentAssist\system\rewrite.php(44): require_once('C:\\xampp\\htdocs...')
#15 {main}
CRITICAL - 2025-10-19 09:55:29 --> CodeIgniter\Database\Exceptions\DatabaseException: Duplicate entry 'ayeshatayyab027@gmail.com' for key 'email'
[Method: POST, Route: api/patient/add]
in SYSTEMPATH\Database\BaseConnection.php on line 684.
 1 SYSTEMPATH\Database\BaseBuilder.php(2345): CodeIgniter\Database\BaseConnection->query('INSERT INTO `patients` (`name`, `email`, `mobile_no`, `gender`, `dob`, `cnic`, `bloodGroup`, `occupation`, `address`, `regdate`, `guardianname`, `guardianphonenumber`, `doctorName`, `insurance`) VALUES (:name:, :email:, :mobile_no:, :gender:, :dob:, :cnic:, :bloodGroup:, :occupation:, :address:, :regdate:, :guardianname:, :guardianphonenumber:, :doctorName:, :insurance:)', [...], false)
 2 SYSTEMPATH\Model.php(394): CodeIgniter\Database\BaseBuilder->insert()
 3 SYSTEMPATH\BaseModel.php(838): CodeIgniter\Model->doInsert([...])
 4 SYSTEMPATH\Model.php(797): CodeIgniter\BaseModel->insert([...], true)
 5 APPPATH\Controllers\Api\PatientController.php(44): CodeIgniter\Model->insert([...])
 6 SYSTEMPATH\CodeIgniter.php(933): App\Controllers\Api\PatientController->add()
 7 SYSTEMPATH\CodeIgniter.php(507): CodeIgniter\CodeIgniter->runController(Object(App\Controllers\Api\PatientController))
 8 SYSTEMPATH\CodeIgniter.php(354): CodeIgniter\CodeIgniter->handleRequest(null, Object(Config\Cache), false)
 9 SYSTEMPATH\Boot.php(363): CodeIgniter\CodeIgniter->run()
10 SYSTEMPATH\Boot.php(68): CodeIgniter\Boot::runCodeIgniter(Object(CodeIgniter\CodeIgniter))
11 FCPATH\index.php(59): CodeIgniter\Boot::bootWeb(Object(Config\Paths))
12 SYSTEMPATH\rewrite.php(44): require_once('C:\\xampp\\htdocs\\DentAssist\\public\\index.php')
CRITICAL - 2025-10-19 09:55:29 --> [Caused by] CodeIgniter\Database\Exceptions\DatabaseException: Duplicate entry 'ayeshatayyab027@gmail.com' for key 'email'
in SYSTEMPATH\Database\MySQLi\Connection.php on line 332.
 1 SYSTEMPATH\Database\BaseConnection.php(729): CodeIgniter\Database\MySQLi\Connection->execute('INSERT INTO `patients` (`name`, `email`, `mobile_no`, `gender`, `dob`, `cnic`, `bloodGroup`, `occupation`, `address`, `regdate`, `guardianname`, `guardianphonenumber`, `doctorName`, `insurance`) VALUES (\'ayesha tayyab Azeemi\', \'ayeshatayyab027@gmail.com\', \'03361213999\', \'female\', \'\', \'\', \'\', \'\', \'Fb area karachi\', \'\', \'\', \'\', \'\', \'\')')
 2 SYSTEMPATH\Database\BaseConnection.php(646): CodeIgniter\Database\BaseConnection->simpleQuery('INSERT INTO `patients` (`name`, `email`, `mobile_no`, `gender`, `dob`, `cnic`, `bloodGroup`, `occupation`, `address`, `regdate`, `guardianname`, `guardianphonenumber`, `doctorName`, `insurance`) VALUES (\'ayesha tayyab Azeemi\', \'ayeshatayyab027@gmail.com\', \'03361213999\', \'female\', \'\', \'\', \'\', \'\', \'Fb area karachi\', \'\', \'\', \'\', \'\', \'\')')
 3 SYSTEMPATH\Database\BaseBuilder.php(2345): CodeIgniter\Database\BaseConnection->query('INSERT INTO `patients` (`name`, `email`, `mobile_no`, `gender`, `dob`, `cnic`, `bloodGroup`, `occupation`, `address`, `regdate`, `guardianname`, `guardianphonenumber`, `doctorName`, `insurance`) VALUES (:name:, :email:, :mobile_no:, :gender:, :dob:, :cnic:, :bloodGroup:, :occupation:, :address:, :regdate:, :guardianname:, :guardianphonenumber:, :doctorName:, :insurance:)', [...], false)
 4 SYSTEMPATH\Model.php(394): CodeIgniter\Database\BaseBuilder->insert()
 5 SYSTEMPATH\BaseModel.php(838): CodeIgniter\Model->doInsert([...])
 6 SYSTEMPATH\Model.php(797): CodeIgniter\BaseModel->insert([...], true)
 7 APPPATH\Controllers\Api\PatientController.php(44): CodeIgniter\Model->insert([...])
 8 SYSTEMPATH\CodeIgniter.php(933): App\Controllers\Api\PatientController->add()
 9 SYSTEMPATH\CodeIgniter.php(507): CodeIgniter\CodeIgniter->runController(Object(App\Controllers\Api\PatientController))
10 SYSTEMPATH\CodeIgniter.php(354): CodeIgniter\CodeIgniter->handleRequest(null, Object(Config\Cache), false)
11 SYSTEMPATH\Boot.php(363): CodeIgniter\CodeIgniter->run()
12 SYSTEMPATH\Boot.php(68): CodeIgniter\Boot::runCodeIgniter(Object(CodeIgniter\CodeIgniter))
13 FCPATH\index.php(59): CodeIgniter\Boot::bootWeb(Object(Config\Paths))
14 SYSTEMPATH\rewrite.php(44): require_once('C:\\xampp\\htdocs\\DentAssist\\public\\index.php')
CRITICAL - 2025-10-19 09:55:29 --> [Caused by] mysqli_sql_exception: Duplicate entry 'ayeshatayyab027@gmail.com' for key 'email'
in SYSTEMPATH\Database\MySQLi\Connection.php on line 327.
 1 SYSTEMPATH\Database\MySQLi\Connection.php(327): mysqli->query('INSERT INTO `patients` (`name`, `email`, `mobile_no`, `gender`, `dob`, `cnic`, `bloodGroup`, `occupation`, `address`, `regdate`, `guardianname`, `guardianphonenumber`, `doctorName`, `insurance`) VALUES (\'ayesha tayyab Azeemi\', \'ayeshatayyab027@gmail.com\', \'03361213999\', \'female\', \'\', \'\', \'\', \'\', \'Fb area karachi\', \'\', \'\', \'\', \'\', \'\')', 0)
 2 SYSTEMPATH\Database\BaseConnection.php(729): CodeIgniter\Database\MySQLi\Connection->execute('INSERT INTO `patients` (`name`, `email`, `mobile_no`, `gender`, `dob`, `cnic`, `bloodGroup`, `occupation`, `address`, `regdate`, `guardianname`, `guardianphonenumber`, `doctorName`, `insurance`) VALUES (\'ayesha tayyab Azeemi\', \'ayeshatayyab027@gmail.com\', \'03361213999\', \'female\', \'\', \'\', \'\', \'\', \'Fb area karachi\', \'\', \'\', \'\', \'\', \'\')')
 3 SYSTEMPATH\Database\BaseConnection.php(646): CodeIgniter\Database\BaseConnection->simpleQuery('INSERT INTO `patients` (`name`, `email`, `mobile_no`, `gender`, `dob`, `cnic`, `bloodGroup`, `occupation`, `address`, `regdate`, `guardianname`, `guardianphonenumber`, `doctorName`, `insurance`) VALUES (\'ayesha tayyab Azeemi\', \'ayeshatayyab027@gmail.com\', \'03361213999\', \'female\', \'\', \'\', \'\', \'\', \'Fb area karachi\', \'\', \'\', \'\', \'\', \'\')')
 4 SYSTEMPATH\Database\BaseBuilder.php(2345): CodeIgniter\Database\BaseConnection->query('INSERT INTO `patients` (`name`, `email`, `mobile_no`, `gender`, `dob`, `cnic`, `bloodGroup`, `occupation`, `address`, `regdate`, `guardianname`, `guardianphonenumber`, `doctorName`, `insurance`) VALUES (:name:, :email:, :mobile_no:, :gender:, :dob:, :cnic:, :bloodGroup:, :occupation:, :address:, :regdate:, :guardianname:, :guardianphonenumber:, :doctorName:, :insurance:)', [...], false)
 5 SYSTEMPATH\Model.php(394): CodeIgniter\Database\BaseBuilder->insert()
 6 SYSTEMPATH\BaseModel.php(838): CodeIgniter\Model->doInsert([...])
 7 SYSTEMPATH\Model.php(797): CodeIgniter\BaseModel->insert([...], true)
 8 APPPATH\Controllers\Api\PatientController.php(44): CodeIgniter\Model->insert([...])
 9 SYSTEMPATH\CodeIgniter.php(933): App\Controllers\Api\PatientController->add()
10 SYSTEMPATH\CodeIgniter.php(507): CodeIgniter\CodeIgniter->runController(Object(App\Controllers\Api\PatientController))
11 SYSTEMPATH\CodeIgniter.php(354): CodeIgniter\CodeIgniter->handleRequest(null, Object(Config\Cache), false)
12 SYSTEMPATH\Boot.php(363): CodeIgniter\CodeIgniter->run()
13 SYSTEMPATH\Boot.php(68): CodeIgniter\Boot::runCodeIgniter(Object(CodeIgniter\CodeIgniter))
14 FCPATH\index.php(59): CodeIgniter\Boot::bootWeb(Object(Config\Paths))
15 SYSTEMPATH\rewrite.php(44): require_once('C:\\xampp\\htdocs\\DentAssist\\public\\index.php')
DEBUG - 2025-10-19 09:55:35 --> Session: Class initialized using 'CodeIgniter\Session\Handlers\FileHandler' driver.
INFO - 2025-10-19 09:55:35 --> PatientController::add called via HTTP method: POST
DEBUG - 2025-10-19 09:55:35 --> Patient data received: {"name":"ayesha tayyab Azeemi","email":"ayeshatayyab027@gmail.com","mobile_no":"03361213999","gender":"female","dob":"","cnic":"","bloodGroup":"","occupation":"","address":"Fb area karachi","regdate":"","guardianname":"","guardianphonenumber":"","doctorName":"","insurance":""}
ERROR - 2025-10-19 09:55:35 --> mysqli_sql_exception: Duplicate entry 'ayeshatayyab027@gmail.com' for key 'email' in C:\xampp\htdocs\DentAssist\system\Database\MySQLi\Connection.php:327
Stack trace:
#0 C:\xampp\htdocs\DentAssist\system\Database\MySQLi\Connection.php(327): mysqli->query('INSERT INTO `pa...', 0)
#1 C:\xampp\htdocs\DentAssist\system\Database\BaseConnection.php(729): CodeIgniter\Database\MySQLi\Connection->execute('INSERT INTO `pa...')
#2 C:\xampp\htdocs\DentAssist\system\Database\BaseConnection.php(646): CodeIgniter\Database\BaseConnection->simpleQuery('INSERT INTO `pa...')
#3 C:\xampp\htdocs\DentAssist\system\Database\BaseBuilder.php(2345): CodeIgniter\Database\BaseConnection->query('INSERT INTO `pa...', Array, false)
#4 C:\xampp\htdocs\DentAssist\system\Model.php(394): CodeIgniter\Database\BaseBuilder->insert()
#5 C:\xampp\htdocs\DentAssist\system\BaseModel.php(838): CodeIgniter\Model->doInsert(Array)
#6 C:\xampp\htdocs\DentAssist\system\Model.php(797): CodeIgniter\BaseModel->insert(Array, true)
#7 C:\xampp\htdocs\DentAssist\app\Controllers\Api\PatientController.php(44): CodeIgniter\Model->insert(Array)
#8 C:\xampp\htdocs\DentAssist\system\CodeIgniter.php(933): App\Controllers\Api\PatientController->add()
#9 C:\xampp\htdocs\DentAssist\system\CodeIgniter.php(507): CodeIgniter\CodeIgniter->runController(Object(App\Controllers\Api\PatientController))
#10 C:\xampp\htdocs\DentAssist\system\CodeIgniter.php(354): CodeIgniter\CodeIgniter->handleRequest(NULL, Object(Config\Cache), false)
#11 C:\xampp\htdocs\DentAssist\system\Boot.php(363): CodeIgniter\CodeIgniter->run()
#12 C:\xampp\htdocs\DentAssist\system\Boot.php(68): CodeIgniter\Boot::runCodeIgniter(Object(CodeIgniter\CodeIgniter))
#13 C:\xampp\htdocs\DentAssist\public\index.php(59): CodeIgniter\Boot::bootWeb(Object(Config\Paths))
#14 C:\xampp\htdocs\DentAssist\system\rewrite.php(44): require_once('C:\\xampp\\htdocs...')
#15 {main}
CRITICAL - 2025-10-19 09:55:35 --> CodeIgniter\Database\Exceptions\DatabaseException: Duplicate entry 'ayeshatayyab027@gmail.com' for key 'email'
[Method: POST, Route: api/patient/add]
in SYSTEMPATH\Database\BaseConnection.php on line 684.
 1 SYSTEMPATH\Database\BaseBuilder.php(2345): CodeIgniter\Database\BaseConnection->query('INSERT INTO `patients` (`name`, `email`, `mobile_no`, `gender`, `dob`, `cnic`, `bloodGroup`, `occupation`, `address`, `regdate`, `guardianname`, `guardianphonenumber`, `doctorName`, `insurance`) VALUES (:name:, :email:, :mobile_no:, :gender:, :dob:, :cnic:, :bloodGroup:, :occupation:, :address:, :regdate:, :guardianname:, :guardianphonenumber:, :doctorName:, :insurance:)', [...], false)
 2 SYSTEMPATH\Model.php(394): CodeIgniter\Database\BaseBuilder->insert()
 3 SYSTEMPATH\BaseModel.php(838): CodeIgniter\Model->doInsert([...])
 4 SYSTEMPATH\Model.php(797): CodeIgniter\BaseModel->insert([...], true)
 5 APPPATH\Controllers\Api\PatientController.php(44): CodeIgniter\Model->insert([...])
 6 SYSTEMPATH\CodeIgniter.php(933): App\Controllers\Api\PatientController->add()
 7 SYSTEMPATH\CodeIgniter.php(507): CodeIgniter\CodeIgniter->runController(Object(App\Controllers\Api\PatientController))
 8 SYSTEMPATH\CodeIgniter.php(354): CodeIgniter\CodeIgniter->handleRequest(null, Object(Config\Cache), false)
 9 SYSTEMPATH\Boot.php(363): CodeIgniter\CodeIgniter->run()
10 SYSTEMPATH\Boot.php(68): CodeIgniter\Boot::runCodeIgniter(Object(CodeIgniter\CodeIgniter))
11 FCPATH\index.php(59): CodeIgniter\Boot::bootWeb(Object(Config\Paths))
12 SYSTEMPATH\rewrite.php(44): require_once('C:\\xampp\\htdocs\\DentAssist\\public\\index.php')
CRITICAL - 2025-10-19 09:55:35 --> [Caused by] CodeIgniter\Database\Exceptions\DatabaseException: Duplicate entry 'ayeshatayyab027@gmail.com' for key 'email'
in SYSTEMPATH\Database\MySQLi\Connection.php on line 332.
 1 SYSTEMPATH\Database\BaseConnection.php(729): CodeIgniter\Database\MySQLi\Connection->execute('INSERT INTO `patients` (`name`, `email`, `mobile_no`, `gender`, `dob`, `cnic`, `bloodGroup`, `occupation`, `address`, `regdate`, `guardianname`, `guardianphonenumber`, `doctorName`, `insurance`) VALUES (\'ayesha tayyab Azeemi\', \'ayeshatayyab027@gmail.com\', \'03361213999\', \'female\', \'\', \'\', \'\', \'\', \'Fb area karachi\', \'\', \'\', \'\', \'\', \'\')')
 2 SYSTEMPATH\Database\BaseConnection.php(646): CodeIgniter\Database\BaseConnection->simpleQuery('INSERT INTO `patients` (`name`, `email`, `mobile_no`, `gender`, `dob`, `cnic`, `bloodGroup`, `occupation`, `address`, `regdate`, `guardianname`, `guardianphonenumber`, `doctorName`, `insurance`) VALUES (\'ayesha tayyab Azeemi\', \'ayeshatayyab027@gmail.com\', \'03361213999\', \'female\', \'\', \'\', \'\', \'\', \'Fb area karachi\', \'\', \'\', \'\', \'\', \'\')')
 3 SYSTEMPATH\Database\BaseBuilder.php(2345): CodeIgniter\Database\BaseConnection->query('INSERT INTO `patients` (`name`, `email`, `mobile_no`, `gender`, `dob`, `cnic`, `bloodGroup`, `occupation`, `address`, `regdate`, `guardianname`, `guardianphonenumber`, `doctorName`, `insurance`) VALUES (:name:, :email:, :mobile_no:, :gender:, :dob:, :cnic:, :bloodGroup:, :occupation:, :address:, :regdate:, :guardianname:, :guardianphonenumber:, :doctorName:, :insurance:)', [...], false)
 4 SYSTEMPATH\Model.php(394): CodeIgniter\Database\BaseBuilder->insert()
 5 SYSTEMPATH\BaseModel.php(838): CodeIgniter\Model->doInsert([...])
 6 SYSTEMPATH\Model.php(797): CodeIgniter\BaseModel->insert([...], true)
 7 APPPATH\Controllers\Api\PatientController.php(44): CodeIgniter\Model->insert([...])
 8 SYSTEMPATH\CodeIgniter.php(933): App\Controllers\Api\PatientController->add()
 9 SYSTEMPATH\CodeIgniter.php(507): CodeIgniter\CodeIgniter->runController(Object(App\Controllers\Api\PatientController))
10 SYSTEMPATH\CodeIgniter.php(354): CodeIgniter\CodeIgniter->handleRequest(null, Object(Config\Cache), false)
11 SYSTEMPATH\Boot.php(363): CodeIgniter\CodeIgniter->run()
12 SYSTEMPATH\Boot.php(68): CodeIgniter\Boot::runCodeIgniter(Object(CodeIgniter\CodeIgniter))
13 FCPATH\index.php(59): CodeIgniter\Boot::bootWeb(Object(Config\Paths))
14 SYSTEMPATH\rewrite.php(44): require_once('C:\\xampp\\htdocs\\DentAssist\\public\\index.php')
CRITICAL - 2025-10-19 09:55:35 --> [Caused by] mysqli_sql_exception: Duplicate entry 'ayeshatayyab027@gmail.com' for key 'email'
in SYSTEMPATH\Database\MySQLi\Connection.php on line 327.
 1 SYSTEMPATH\Database\MySQLi\Connection.php(327): mysqli->query('INSERT INTO `patients` (`name`, `email`, `mobile_no`, `gender`, `dob`, `cnic`, `bloodGroup`, `occupation`, `address`, `regdate`, `guardianname`, `guardianphonenumber`, `doctorName`, `insurance`) VALUES (\'ayesha tayyab Azeemi\', \'ayeshatayyab027@gmail.com\', \'03361213999\', \'female\', \'\', \'\', \'\', \'\', \'Fb area karachi\', \'\', \'\', \'\', \'\', \'\')', 0)
 2 SYSTEMPATH\Database\BaseConnection.php(729): CodeIgniter\Database\MySQLi\Connection->execute('INSERT INTO `patients` (`name`, `email`, `mobile_no`, `gender`, `dob`, `cnic`, `bloodGroup`, `occupation`, `address`, `regdate`, `guardianname`, `guardianphonenumber`, `doctorName`, `insurance`) VALUES (\'ayesha tayyab Azeemi\', \'ayeshatayyab027@gmail.com\', \'03361213999\', \'female\', \'\', \'\', \'\', \'\', \'Fb area karachi\', \'\', \'\', \'\', \'\', \'\')')
 3 SYSTEMPATH\Database\BaseConnection.php(646): CodeIgniter\Database\BaseConnection->simpleQuery('INSERT INTO `patients` (`name`, `email`, `mobile_no`, `gender`, `dob`, `cnic`, `bloodGroup`, `occupation`, `address`, `regdate`, `guardianname`, `guardianphonenumber`, `doctorName`, `insurance`) VALUES (\'ayesha tayyab Azeemi\', \'ayeshatayyab027@gmail.com\', \'03361213999\', \'female\', \'\', \'\', \'\', \'\', \'Fb area karachi\', \'\', \'\', \'\', \'\', \'\')')
 4 SYSTEMPATH\Database\BaseBuilder.php(2345): CodeIgniter\Database\BaseConnection->query('INSERT INTO `patients` (`name`, `email`, `mobile_no`, `gender`, `dob`, `cnic`, `bloodGroup`, `occupation`, `address`, `regdate`, `guardianname`, `guardianphonenumber`, `doctorName`, `insurance`) VALUES (:name:, :email:, :mobile_no:, :gender:, :dob:, :cnic:, :bloodGroup:, :occupation:, :address:, :regdate:, :guardianname:, :guardianphonenumber:, :doctorName:, :insurance:)', [...], false)
 5 SYSTEMPATH\Model.php(394): CodeIgniter\Database\BaseBuilder->insert()
 6 SYSTEMPATH\BaseModel.php(838): CodeIgniter\Model->doInsert([...])
 7 SYSTEMPATH\Model.php(797): CodeIgniter\BaseModel->insert([...], true)
 8 APPPATH\Controllers\Api\PatientController.php(44): CodeIgniter\Model->insert([...])
 9 SYSTEMPATH\CodeIgniter.php(933): App\Controllers\Api\PatientController->add()
10 SYSTEMPATH\CodeIgniter.php(507): CodeIgniter\CodeIgniter->runController(Object(App\Controllers\Api\PatientController))
11 SYSTEMPATH\CodeIgniter.php(354): CodeIgniter\CodeIgniter->handleRequest(null, Object(Config\Cache), false)
12 SYSTEMPATH\Boot.php(363): CodeIgniter\CodeIgniter->run()
13 SYSTEMPATH\Boot.php(68): CodeIgniter\Boot::runCodeIgniter(Object(CodeIgniter\CodeIgniter))
14 FCPATH\index.php(59): CodeIgniter\Boot::bootWeb(Object(Config\Paths))
15 SYSTEMPATH\rewrite.php(44): require_once('C:\\xampp\\htdocs\\DentAssist\\public\\index.php')
DEBUG - 2025-10-19 09:55:41 --> Session: Class initialized using 'CodeIgniter\Session\Handlers\FileHandler' driver.
INFO - 2025-10-19 09:55:41 --> PatientController::add called via HTTP method: POST
DEBUG - 2025-10-19 09:55:41 --> Patient data received: {"name":"ayesha tayyab Azeemi","email":"ayeshatayyab027@gmail.com","mobile_no":"03361213999","gender":"female","dob":"","cnic":"","bloodGroup":"","occupation":"","address":"Fb area karachi","regdate":"","guardianname":"","guardianphonenumber":"","doctorName":"","insurance":""}
ERROR - 2025-10-19 09:55:41 --> mysqli_sql_exception: Duplicate entry 'ayeshatayyab027@gmail.com' for key 'email' in C:\xampp\htdocs\DentAssist\system\Database\MySQLi\Connection.php:327
Stack trace:
#0 C:\xampp\htdocs\DentAssist\system\Database\MySQLi\Connection.php(327): mysqli->query('INSERT INTO `pa...', 0)
#1 C:\xampp\htdocs\DentAssist\system\Database\BaseConnection.php(729): CodeIgniter\Database\MySQLi\Connection->execute('INSERT INTO `pa...')
#2 C:\xampp\htdocs\DentAssist\system\Database\BaseConnection.php(646): CodeIgniter\Database\BaseConnection->simpleQuery('INSERT INTO `pa...')
#3 C:\xampp\htdocs\DentAssist\system\Database\BaseBuilder.php(2345): CodeIgniter\Database\BaseConnection->query('INSERT INTO `pa...', Array, false)
#4 C:\xampp\htdocs\DentAssist\system\Model.php(394): CodeIgniter\Database\BaseBuilder->insert()
#5 C:\xampp\htdocs\DentAssist\system\BaseModel.php(838): CodeIgniter\Model->doInsert(Array)
#6 C:\xampp\htdocs\DentAssist\system\Model.php(797): CodeIgniter\BaseModel->insert(Array, true)
#7 C:\xampp\htdocs\DentAssist\app\Controllers\Api\PatientController.php(44): CodeIgniter\Model->insert(Array)
#8 C:\xampp\htdocs\DentAssist\system\CodeIgniter.php(933): App\Controllers\Api\PatientController->add()
#9 C:\xampp\htdocs\DentAssist\system\CodeIgniter.php(507): CodeIgniter\CodeIgniter->runController(Object(App\Controllers\Api\PatientController))
#10 C:\xampp\htdocs\DentAssist\system\CodeIgniter.php(354): CodeIgniter\CodeIgniter->handleRequest(NULL, Object(Config\Cache), false)
#11 C:\xampp\htdocs\DentAssist\system\Boot.php(363): CodeIgniter\CodeIgniter->run()
#12 C:\xampp\htdocs\DentAssist\system\Boot.php(68): CodeIgniter\Boot::runCodeIgniter(Object(CodeIgniter\CodeIgniter))
#13 C:\xampp\htdocs\DentAssist\public\index.php(59): CodeIgniter\Boot::bootWeb(Object(Config\Paths))
#14 C:\xampp\htdocs\DentAssist\system\rewrite.php(44): require_once('C:\\xampp\\htdocs...')
#15 {main}
CRITICAL - 2025-10-19 09:55:41 --> CodeIgniter\Database\Exceptions\DatabaseException: Duplicate entry 'ayeshatayyab027@gmail.com' for key 'email'
[Method: POST, Route: api/patient/add]
in SYSTEMPATH\Database\BaseConnection.php on line 684.
 1 SYSTEMPATH\Database\BaseBuilder.php(2345): CodeIgniter\Database\BaseConnection->query('INSERT INTO `patients` (`name`, `email`, `mobile_no`, `gender`, `dob`, `cnic`, `bloodGroup`, `occupation`, `address`, `regdate`, `guardianname`, `guardianphonenumber`, `doctorName`, `insurance`) VALUES (:name:, :email:, :mobile_no:, :gender:, :dob:, :cnic:, :bloodGroup:, :occupation:, :address:, :regdate:, :guardianname:, :guardianphonenumber:, :doctorName:, :insurance:)', [...], false)
 2 SYSTEMPATH\Model.php(394): CodeIgniter\Database\BaseBuilder->insert()
 3 SYSTEMPATH\BaseModel.php(838): CodeIgniter\Model->doInsert([...])
 4 SYSTEMPATH\Model.php(797): CodeIgniter\BaseModel->insert([...], true)
 5 APPPATH\Controllers\Api\PatientController.php(44): CodeIgniter\Model->insert([...])
 6 SYSTEMPATH\CodeIgniter.php(933): App\Controllers\Api\PatientController->add()
 7 SYSTEMPATH\CodeIgniter.php(507): CodeIgniter\CodeIgniter->runController(Object(App\Controllers\Api\PatientController))
 8 SYSTEMPATH\CodeIgniter.php(354): CodeIgniter\CodeIgniter->handleRequest(null, Object(Config\Cache), false)
 9 SYSTEMPATH\Boot.php(363): CodeIgniter\CodeIgniter->run()
10 SYSTEMPATH\Boot.php(68): CodeIgniter\Boot::runCodeIgniter(Object(CodeIgniter\CodeIgniter))
11 FCPATH\index.php(59): CodeIgniter\Boot::bootWeb(Object(Config\Paths))
12 SYSTEMPATH\rewrite.php(44): require_once('C:\\xampp\\htdocs\\DentAssist\\public\\index.php')
CRITICAL - 2025-10-19 09:55:41 --> [Caused by] CodeIgniter\Database\Exceptions\DatabaseException: Duplicate entry 'ayeshatayyab027@gmail.com' for key 'email'
in SYSTEMPATH\Database\MySQLi\Connection.php on line 332.
 1 SYSTEMPATH\Database\BaseConnection.php(729): CodeIgniter\Database\MySQLi\Connection->execute('INSERT INTO `patients` (`name`, `email`, `mobile_no`, `gender`, `dob`, `cnic`, `bloodGroup`, `occupation`, `address`, `regdate`, `guardianname`, `guardianphonenumber`, `doctorName`, `insurance`) VALUES (\'ayesha tayyab Azeemi\', \'ayeshatayyab027@gmail.com\', \'03361213999\', \'female\', \'\', \'\', \'\', \'\', \'Fb area karachi\', \'\', \'\', \'\', \'\', \'\')')
 2 SYSTEMPATH\Database\BaseConnection.php(646): CodeIgniter\Database\BaseConnection->simpleQuery('INSERT INTO `patients` (`name`, `email`, `mobile_no`, `gender`, `dob`, `cnic`, `bloodGroup`, `occupation`, `address`, `regdate`, `guardianname`, `guardianphonenumber`, `doctorName`, `insurance`) VALUES (\'ayesha tayyab Azeemi\', \'ayeshatayyab027@gmail.com\', \'03361213999\', \'female\', \'\', \'\', \'\', \'\', \'Fb area karachi\', \'\', \'\', \'\', \'\', \'\')')
 3 SYSTEMPATH\Database\BaseBuilder.php(2345): CodeIgniter\Database\BaseConnection->query('INSERT INTO `patients` (`name`, `email`, `mobile_no`, `gender`, `dob`, `cnic`, `bloodGroup`, `occupation`, `address`, `regdate`, `guardianname`, `guardianphonenumber`, `doctorName`, `insurance`) VALUES (:name:, :email:, :mobile_no:, :gender:, :dob:, :cnic:, :bloodGroup:, :occupation:, :address:, :regdate:, :guardianname:, :guardianphonenumber:, :doctorName:, :insurance:)', [...], false)
 4 SYSTEMPATH\Model.php(394): CodeIgniter\Database\BaseBuilder->insert()
 5 SYSTEMPATH\BaseModel.php(838): CodeIgniter\Model->doInsert([...])
 6 SYSTEMPATH\Model.php(797): CodeIgniter\BaseModel->insert([...], true)
 7 APPPATH\Controllers\Api\PatientController.php(44): CodeIgniter\Model->insert([...])
 8 SYSTEMPATH\CodeIgniter.php(933): App\Controllers\Api\PatientController->add()
 9 SYSTEMPATH\CodeIgniter.php(507): CodeIgniter\CodeIgniter->runController(Object(App\Controllers\Api\PatientController))
10 SYSTEMPATH\CodeIgniter.php(354): CodeIgniter\CodeIgniter->handleRequest(null, Object(Config\Cache), false)
11 SYSTEMPATH\Boot.php(363): CodeIgniter\CodeIgniter->run()
12 SYSTEMPATH\Boot.php(68): CodeIgniter\Boot::runCodeIgniter(Object(CodeIgniter\CodeIgniter))
13 FCPATH\index.php(59): CodeIgniter\Boot::bootWeb(Object(Config\Paths))
14 SYSTEMPATH\rewrite.php(44): require_once('C:\\xampp\\htdocs\\DentAssist\\public\\index.php')
CRITICAL - 2025-10-19 09:55:41 --> [Caused by] mysqli_sql_exception: Duplicate entry 'ayeshatayyab027@gmail.com' for key 'email'
in SYSTEMPATH\Database\MySQLi\Connection.php on line 327.
 1 SYSTEMPATH\Database\MySQLi\Connection.php(327): mysqli->query('INSERT INTO `patients` (`name`, `email`, `mobile_no`, `gender`, `dob`, `cnic`, `bloodGroup`, `occupation`, `address`, `regdate`, `guardianname`, `guardianphonenumber`, `doctorName`, `insurance`) VALUES (\'ayesha tayyab Azeemi\', \'ayeshatayyab027@gmail.com\', \'03361213999\', \'female\', \'\', \'\', \'\', \'\', \'Fb area karachi\', \'\', \'\', \'\', \'\', \'\')', 0)
 2 SYSTEMPATH\Database\BaseConnection.php(729): CodeIgniter\Database\MySQLi\Connection->execute('INSERT INTO `patients` (`name`, `email`, `mobile_no`, `gender`, `dob`, `cnic`, `bloodGroup`, `occupation`, `address`, `regdate`, `guardianname`, `guardianphonenumber`, `doctorName`, `insurance`) VALUES (\'ayesha tayyab Azeemi\', \'ayeshatayyab027@gmail.com\', \'03361213999\', \'female\', \'\', \'\', \'\', \'\', \'Fb area karachi\', \'\', \'\', \'\', \'\', \'\')')
 3 SYSTEMPATH\Database\BaseConnection.php(646): CodeIgniter\Database\BaseConnection->simpleQuery('INSERT INTO `patients` (`name`, `email`, `mobile_no`, `gender`, `dob`, `cnic`, `bloodGroup`, `occupation`, `address`, `regdate`, `guardianname`, `guardianphonenumber`, `doctorName`, `insurance`) VALUES (\'ayesha tayyab Azeemi\', \'ayeshatayyab027@gmail.com\', \'03361213999\', \'female\', \'\', \'\', \'\', \'\', \'Fb area karachi\', \'\', \'\', \'\', \'\', \'\')')
 4 SYSTEMPATH\Database\BaseBuilder.php(2345): CodeIgniter\Database\BaseConnection->query('INSERT INTO `patients` (`name`, `email`, `mobile_no`, `gender`, `dob`, `cnic`, `bloodGroup`, `occupation`, `address`, `regdate`, `guardianname`, `guardianphonenumber`, `doctorName`, `insurance`) VALUES (:name:, :email:, :mobile_no:, :gender:, :dob:, :cnic:, :bloodGroup:, :occupation:, :address:, :regdate:, :guardianname:, :guardianphonenumber:, :doctorName:, :insurance:)', [...], false)
 5 SYSTEMPATH\Model.php(394): CodeIgniter\Database\BaseBuilder->insert()
 6 SYSTEMPATH\BaseModel.php(838): CodeIgniter\Model->doInsert([...])
 7 SYSTEMPATH\Model.php(797): CodeIgniter\BaseModel->insert([...], true)
 8 APPPATH\Controllers\Api\PatientController.php(44): CodeIgniter\Model->insert([...])
 9 SYSTEMPATH\CodeIgniter.php(933): App\Controllers\Api\PatientController->add()
10 SYSTEMPATH\CodeIgniter.php(507): CodeIgniter\CodeIgniter->runController(Object(App\Controllers\Api\PatientController))
11 SYSTEMPATH\CodeIgniter.php(354): CodeIgniter\CodeIgniter->handleRequest(null, Object(Config\Cache), false)
12 SYSTEMPATH\Boot.php(363): CodeIgniter\CodeIgniter->run()
13 SYSTEMPATH\Boot.php(68): CodeIgniter\Boot::runCodeIgniter(Object(CodeIgniter\CodeIgniter))
14 FCPATH\index.php(59): CodeIgniter\Boot::bootWeb(Object(Config\Paths))
15 SYSTEMPATH\rewrite.php(44): require_once('C:\\xampp\\htdocs\\DentAssist\\public\\index.php')
DEBUG - 2025-10-19 10:02:40 --> Session: Class initialized using 'CodeIgniter\Session\Handlers\FileHandler' driver.
INFO - 2025-10-19 10:02:40 --> PatientController::add called via HTTP method: POST
DEBUG - 2025-10-19 10:02:40 --> Patient data received: {"name":"ayesha tayyab Azeemi","email":"ayeshatayyab027@gmail.com","mobile_no":"03361213999","gender":"female","dob":"","cnic":"","bloodGroup":"","occupation":"","address":"Fb area karachi","regdate":"","guardianname":"","guardianphonenumber":"","doctorName":"","insurance":""}
ERROR - 2025-10-19 10:02:40 --> mysqli_sql_exception: Duplicate entry 'ayeshatayyab027@gmail.com' for key 'email' in C:\xampp\htdocs\DentAssist\system\Database\MySQLi\Connection.php:327
Stack trace:
#0 C:\xampp\htdocs\DentAssist\system\Database\MySQLi\Connection.php(327): mysqli->query('INSERT INTO `pa...', 0)
#1 C:\xampp\htdocs\DentAssist\system\Database\BaseConnection.php(729): CodeIgniter\Database\MySQLi\Connection->execute('INSERT INTO `pa...')
#2 C:\xampp\htdocs\DentAssist\system\Database\BaseConnection.php(646): CodeIgniter\Database\BaseConnection->simpleQuery('INSERT INTO `pa...')
#3 C:\xampp\htdocs\DentAssist\system\Database\BaseBuilder.php(2345): CodeIgniter\Database\BaseConnection->query('INSERT INTO `pa...', Array, false)
#4 C:\xampp\htdocs\DentAssist\system\Model.php(394): CodeIgniter\Database\BaseBuilder->insert()
#5 C:\xampp\htdocs\DentAssist\system\BaseModel.php(838): CodeIgniter\Model->doInsert(Array)
#6 C:\xampp\htdocs\DentAssist\system\Model.php(797): CodeIgniter\BaseModel->insert(Array, true)
#7 C:\xampp\htdocs\DentAssist\app\Controllers\Api\PatientController.php(44): CodeIgniter\Model->insert(Array)
#8 C:\xampp\htdocs\DentAssist\system\CodeIgniter.php(933): App\Controllers\Api\PatientController->add()
#9 C:\xampp\htdocs\DentAssist\system\CodeIgniter.php(507): CodeIgniter\CodeIgniter->runController(Object(App\Controllers\Api\PatientController))
#10 C:\xampp\htdocs\DentAssist\system\CodeIgniter.php(354): CodeIgniter\CodeIgniter->handleRequest(NULL, Object(Config\Cache), false)
#11 C:\xampp\htdocs\DentAssist\system\Boot.php(363): CodeIgniter\CodeIgniter->run()
#12 C:\xampp\htdocs\DentAssist\system\Boot.php(68): CodeIgniter\Boot::runCodeIgniter(Object(CodeIgniter\CodeIgniter))
#13 C:\xampp\htdocs\DentAssist\public\index.php(59): CodeIgniter\Boot::bootWeb(Object(Config\Paths))
#14 C:\xampp\htdocs\DentAssist\system\rewrite.php(44): require_once('C:\\xampp\\htdocs...')
#15 {main}
CRITICAL - 2025-10-19 10:02:40 --> CodeIgniter\Database\Exceptions\DatabaseException: Duplicate entry 'ayeshatayyab027@gmail.com' for key 'email'
[Method: POST, Route: api/patient/add]
in SYSTEMPATH\Database\BaseConnection.php on line 684.
 1 SYSTEMPATH\Database\BaseBuilder.php(2345): CodeIgniter\Database\BaseConnection->query('INSERT INTO `patients` (`name`, `email`, `mobile_no`, `gender`, `dob`, `cnic`, `bloodGroup`, `occupation`, `address`, `regdate`, `guardianname`, `guardianphonenumber`, `doctorName`, `insurance`) VALUES (:name:, :email:, :mobile_no:, :gender:, :dob:, :cnic:, :bloodGroup:, :occupation:, :address:, :regdate:, :guardianname:, :guardianphonenumber:, :doctorName:, :insurance:)', [...], false)
 2 SYSTEMPATH\Model.php(394): CodeIgniter\Database\BaseBuilder->insert()
 3 SYSTEMPATH\BaseModel.php(838): CodeIgniter\Model->doInsert([...])
 4 SYSTEMPATH\Model.php(797): CodeIgniter\BaseModel->insert([...], true)
 5 APPPATH\Controllers\Api\PatientController.php(44): CodeIgniter\Model->insert([...])
 6 SYSTEMPATH\CodeIgniter.php(933): App\Controllers\Api\PatientController->add()
 7 SYSTEMPATH\CodeIgniter.php(507): CodeIgniter\CodeIgniter->runController(Object(App\Controllers\Api\PatientController))
 8 SYSTEMPATH\CodeIgniter.php(354): CodeIgniter\CodeIgniter->handleRequest(null, Object(Config\Cache), false)
 9 SYSTEMPATH\Boot.php(363): CodeIgniter\CodeIgniter->run()
10 SYSTEMPATH\Boot.php(68): CodeIgniter\Boot::runCodeIgniter(Object(CodeIgniter\CodeIgniter))
11 FCPATH\index.php(59): CodeIgniter\Boot::bootWeb(Object(Config\Paths))
12 SYSTEMPATH\rewrite.php(44): require_once('C:\\xampp\\htdocs\\DentAssist\\public\\index.php')
CRITICAL - 2025-10-19 10:02:40 --> [Caused by] CodeIgniter\Database\Exceptions\DatabaseException: Duplicate entry 'ayeshatayyab027@gmail.com' for key 'email'
in SYSTEMPATH\Database\MySQLi\Connection.php on line 332.
 1 SYSTEMPATH\Database\BaseConnection.php(729): CodeIgniter\Database\MySQLi\Connection->execute('INSERT INTO `patients` (`name`, `email`, `mobile_no`, `gender`, `dob`, `cnic`, `bloodGroup`, `occupation`, `address`, `regdate`, `guardianname`, `guardianphonenumber`, `doctorName`, `insurance`) VALUES (\'ayesha tayyab Azeemi\', \'ayeshatayyab027@gmail.com\', \'03361213999\', \'female\', \'\', \'\', \'\', \'\', \'Fb area karachi\', \'\', \'\', \'\', \'\', \'\')')
 2 SYSTEMPATH\Database\BaseConnection.php(646): CodeIgniter\Database\BaseConnection->simpleQuery('INSERT INTO `patients` (`name`, `email`, `mobile_no`, `gender`, `dob`, `cnic`, `bloodGroup`, `occupation`, `address`, `regdate`, `guardianname`, `guardianphonenumber`, `doctorName`, `insurance`) VALUES (\'ayesha tayyab Azeemi\', \'ayeshatayyab027@gmail.com\', \'03361213999\', \'female\', \'\', \'\', \'\', \'\', \'Fb area karachi\', \'\', \'\', \'\', \'\', \'\')')
 3 SYSTEMPATH\Database\BaseBuilder.php(2345): CodeIgniter\Database\BaseConnection->query('INSERT INTO `patients` (`name`, `email`, `mobile_no`, `gender`, `dob`, `cnic`, `bloodGroup`, `occupation`, `address`, `regdate`, `guardianname`, `guardianphonenumber`, `doctorName`, `insurance`) VALUES (:name:, :email:, :mobile_no:, :gender:, :dob:, :cnic:, :bloodGroup:, :occupation:, :address:, :regdate:, :guardianname:, :guardianphonenumber:, :doctorName:, :insurance:)', [...], false)
 4 SYSTEMPATH\Model.php(394): CodeIgniter\Database\BaseBuilder->insert()
 5 SYSTEMPATH\BaseModel.php(838): CodeIgniter\Model->doInsert([...])
 6 SYSTEMPATH\Model.php(797): CodeIgniter\BaseModel->insert([...], true)
 7 APPPATH\Controllers\Api\PatientController.php(44): CodeIgniter\Model->insert([...])
 8 SYSTEMPATH\CodeIgniter.php(933): App\Controllers\Api\PatientController->add()
 9 SYSTEMPATH\CodeIgniter.php(507): CodeIgniter\CodeIgniter->runController(Object(App\Controllers\Api\PatientController))
10 SYSTEMPATH\CodeIgniter.php(354): CodeIgniter\CodeIgniter->handleRequest(null, Object(Config\Cache), false)
11 SYSTEMPATH\Boot.php(363): CodeIgniter\CodeIgniter->run()
12 SYSTEMPATH\Boot.php(68): CodeIgniter\Boot::runCodeIgniter(Object(CodeIgniter\CodeIgniter))
13 FCPATH\index.php(59): CodeIgniter\Boot::bootWeb(Object(Config\Paths))
14 SYSTEMPATH\rewrite.php(44): require_once('C:\\xampp\\htdocs\\DentAssist\\public\\index.php')
CRITICAL - 2025-10-19 10:02:40 --> [Caused by] mysqli_sql_exception: Duplicate entry 'ayeshatayyab027@gmail.com' for key 'email'
in SYSTEMPATH\Database\MySQLi\Connection.php on line 327.
 1 SYSTEMPATH\Database\MySQLi\Connection.php(327): mysqli->query('INSERT INTO `patients` (`name`, `email`, `mobile_no`, `gender`, `dob`, `cnic`, `bloodGroup`, `occupation`, `address`, `regdate`, `guardianname`, `guardianphonenumber`, `doctorName`, `insurance`) VALUES (\'ayesha tayyab Azeemi\', \'ayeshatayyab027@gmail.com\', \'03361213999\', \'female\', \'\', \'\', \'\', \'\', \'Fb area karachi\', \'\', \'\', \'\', \'\', \'\')', 0)
 2 SYSTEMPATH\Database\BaseConnection.php(729): CodeIgniter\Database\MySQLi\Connection->execute('INSERT INTO `patients` (`name`, `email`, `mobile_no`, `gender`, `dob`, `cnic`, `bloodGroup`, `occupation`, `address`, `regdate`, `guardianname`, `guardianphonenumber`, `doctorName`, `insurance`) VALUES (\'ayesha tayyab Azeemi\', \'ayeshatayyab027@gmail.com\', \'03361213999\', \'female\', \'\', \'\', \'\', \'\', \'Fb area karachi\', \'\', \'\', \'\', \'\', \'\')')
 3 SYSTEMPATH\Database\BaseConnection.php(646): CodeIgniter\Database\BaseConnection->simpleQuery('INSERT INTO `patients` (`name`, `email`, `mobile_no`, `gender`, `dob`, `cnic`, `bloodGroup`, `occupation`, `address`, `regdate`, `guardianname`, `guardianphonenumber`, `doctorName`, `insurance`) VALUES (\'ayesha tayyab Azeemi\', \'ayeshatayyab027@gmail.com\', \'03361213999\', \'female\', \'\', \'\', \'\', \'\', \'Fb area karachi\', \'\', \'\', \'\', \'\', \'\')')
 4 SYSTEMPATH\Database\BaseBuilder.php(2345): CodeIgniter\Database\BaseConnection->query('INSERT INTO `patients` (`name`, `email`, `mobile_no`, `gender`, `dob`, `cnic`, `bloodGroup`, `occupation`, `address`, `regdate`, `guardianname`, `guardianphonenumber`, `doctorName`, `insurance`) VALUES (:name:, :email:, :mobile_no:, :gender:, :dob:, :cnic:, :bloodGroup:, :occupation:, :address:, :regdate:, :guardianname:, :guardianphonenumber:, :doctorName:, :insurance:)', [...], false)
 5 SYSTEMPATH\Model.php(394): CodeIgniter\Database\BaseBuilder->insert()
 6 SYSTEMPATH\BaseModel.php(838): CodeIgniter\Model->doInsert([...])
 7 SYSTEMPATH\Model.php(797): CodeIgniter\BaseModel->insert([...], true)
 8 APPPATH\Controllers\Api\PatientController.php(44): CodeIgniter\Model->insert([...])
 9 SYSTEMPATH\CodeIgniter.php(933): App\Controllers\Api\PatientController->add()
10 SYSTEMPATH\CodeIgniter.php(507): CodeIgniter\CodeIgniter->runController(Object(App\Controllers\Api\PatientController))
11 SYSTEMPATH\CodeIgniter.php(354): CodeIgniter\CodeIgniter->handleRequest(null, Object(Config\Cache), false)
12 SYSTEMPATH\Boot.php(363): CodeIgniter\CodeIgniter->run()
13 SYSTEMPATH\Boot.php(68): CodeIgniter\Boot::runCodeIgniter(Object(CodeIgniter\CodeIgniter))
14 FCPATH\index.php(59): CodeIgniter\Boot::bootWeb(Object(Config\Paths))
15 SYSTEMPATH\rewrite.php(44): require_once('C:\\xampp\\htdocs\\DentAssist\\public\\index.php')
DEBUG - 2025-10-19 10:06:00 --> Session: Class initialized using 'CodeIgniter\Session\Handlers\FileHandler' driver.
INFO - 2025-10-19 10:06:00 --> PatientController::add called via HTTP method: POST
DEBUG - 2025-10-19 10:06:00 --> Patient data received: {"name":"ayesha tayyab Azeemi","email":"ayeshatayyab027@gmail.com","mobile_no":"03361213999","gender":"female","dob":"","cnic":"2","bloodGroup":"","occupation":"","address":"Fb area karachi","regdate":"","guardianname":"","guardianphonenumber":"","doctorName":"","insurance":""}
ERROR - 2025-10-19 10:06:00 --> mysqli_sql_exception: Duplicate entry 'ayeshatayyab027@gmail.com' for key 'email' in C:\xampp\htdocs\DentAssist\system\Database\MySQLi\Connection.php:327
Stack trace:
#0 C:\xampp\htdocs\DentAssist\system\Database\MySQLi\Connection.php(327): mysqli->query('INSERT INTO `pa...', 0)
#1 C:\xampp\htdocs\DentAssist\system\Database\BaseConnection.php(729): CodeIgniter\Database\MySQLi\Connection->execute('INSERT INTO `pa...')
#2 C:\xampp\htdocs\DentAssist\system\Database\BaseConnection.php(646): CodeIgniter\Database\BaseConnection->simpleQuery('INSERT INTO `pa...')
#3 C:\xampp\htdocs\DentAssist\system\Database\BaseBuilder.php(2345): CodeIgniter\Database\BaseConnection->query('INSERT INTO `pa...', Array, false)
#4 C:\xampp\htdocs\DentAssist\system\Model.php(394): CodeIgniter\Database\BaseBuilder->insert()
#5 C:\xampp\htdocs\DentAssist\system\BaseModel.php(838): CodeIgniter\Model->doInsert(Array)
#6 C:\xampp\htdocs\DentAssist\system\Model.php(797): CodeIgniter\BaseModel->insert(Array, true)
#7 C:\xampp\htdocs\DentAssist\app\Controllers\Api\PatientController.php(44): CodeIgniter\Model->insert(Array)
#8 C:\xampp\htdocs\DentAssist\system\CodeIgniter.php(933): App\Controllers\Api\PatientController->add()
#9 C:\xampp\htdocs\DentAssist\system\CodeIgniter.php(507): CodeIgniter\CodeIgniter->runController(Object(App\Controllers\Api\PatientController))
#10 C:\xampp\htdocs\DentAssist\system\CodeIgniter.php(354): CodeIgniter\CodeIgniter->handleRequest(NULL, Object(Config\Cache), false)
#11 C:\xampp\htdocs\DentAssist\system\Boot.php(363): CodeIgniter\CodeIgniter->run()
#12 C:\xampp\htdocs\DentAssist\system\Boot.php(68): CodeIgniter\Boot::runCodeIgniter(Object(CodeIgniter\CodeIgniter))
#13 C:\xampp\htdocs\DentAssist\public\index.php(59): CodeIgniter\Boot::bootWeb(Object(Config\Paths))
#14 C:\xampp\htdocs\DentAssist\system\rewrite.php(44): require_once('C:\\xampp\\htdocs...')
#15 {main}
CRITICAL - 2025-10-19 10:06:00 --> CodeIgniter\Database\Exceptions\DatabaseException: Duplicate entry 'ayeshatayyab027@gmail.com' for key 'email'
[Method: POST, Route: api/patient/add]
in SYSTEMPATH\Database\BaseConnection.php on line 684.
 1 SYSTEMPATH\Database\BaseBuilder.php(2345): CodeIgniter\Database\BaseConnection->query('INSERT INTO `patients` (`name`, `email`, `mobile_no`, `gender`, `dob`, `cnic`, `bloodGroup`, `occupation`, `address`, `regdate`, `guardianname`, `guardianphonenumber`, `doctorName`, `insurance`) VALUES (:name:, :email:, :mobile_no:, :gender:, :dob:, :cnic:, :bloodGroup:, :occupation:, :address:, :regdate:, :guardianname:, :guardianphonenumber:, :doctorName:, :insurance:)', [...], false)
 2 SYSTEMPATH\Model.php(394): CodeIgniter\Database\BaseBuilder->insert()
 3 SYSTEMPATH\BaseModel.php(838): CodeIgniter\Model->doInsert([...])
 4 SYSTEMPATH\Model.php(797): CodeIgniter\BaseModel->insert([...], true)
 5 APPPATH\Controllers\Api\PatientController.php(44): CodeIgniter\Model->insert([...])
 6 SYSTEMPATH\CodeIgniter.php(933): App\Controllers\Api\PatientController->add()
 7 SYSTEMPATH\CodeIgniter.php(507): CodeIgniter\CodeIgniter->runController(Object(App\Controllers\Api\PatientController))
 8 SYSTEMPATH\CodeIgniter.php(354): CodeIgniter\CodeIgniter->handleRequest(null, Object(Config\Cache), false)
 9 SYSTEMPATH\Boot.php(363): CodeIgniter\CodeIgniter->run()
10 SYSTEMPATH\Boot.php(68): CodeIgniter\Boot::runCodeIgniter(Object(CodeIgniter\CodeIgniter))
11 FCPATH\index.php(59): CodeIgniter\Boot::bootWeb(Object(Config\Paths))
12 SYSTEMPATH\rewrite.php(44): require_once('C:\\xampp\\htdocs\\DentAssist\\public\\index.php')
CRITICAL - 2025-10-19 10:06:00 --> [Caused by] CodeIgniter\Database\Exceptions\DatabaseException: Duplicate entry 'ayeshatayyab027@gmail.com' for key 'email'
in SYSTEMPATH\Database\MySQLi\Connection.php on line 332.
 1 SYSTEMPATH\Database\BaseConnection.php(729): CodeIgniter\Database\MySQLi\Connection->execute('INSERT INTO `patients` (`name`, `email`, `mobile_no`, `gender`, `dob`, `cnic`, `bloodGroup`, `occupation`, `address`, `regdate`, `guardianname`, `guardianphonenumber`, `doctorName`, `insurance`) VALUES (\'ayesha tayyab Azeemi\', \'ayeshatayyab027@gmail.com\', \'03361213999\', \'female\', \'\', \'2\', \'\', \'\', \'Fb area karachi\', \'\', \'\', \'\', \'\', \'\')')
 2 SYSTEMPATH\Database\BaseConnection.php(646): CodeIgniter\Database\BaseConnection->simpleQuery('INSERT INTO `patients` (`name`, `email`, `mobile_no`, `gender`, `dob`, `cnic`, `bloodGroup`, `occupation`, `address`, `regdate`, `guardianname`, `guardianphonenumber`, `doctorName`, `insurance`) VALUES (\'ayesha tayyab Azeemi\', \'ayeshatayyab027@gmail.com\', \'03361213999\', \'female\', \'\', \'2\', \'\', \'\', \'Fb area karachi\', \'\', \'\', \'\', \'\', \'\')')
 3 SYSTEMPATH\Database\BaseBuilder.php(2345): CodeIgniter\Database\BaseConnection->query('INSERT INTO `patients` (`name`, `email`, `mobile_no`, `gender`, `dob`, `cnic`, `bloodGroup`, `occupation`, `address`, `regdate`, `guardianname`, `guardianphonenumber`, `doctorName`, `insurance`) VALUES (:name:, :email:, :mobile_no:, :gender:, :dob:, :cnic:, :bloodGroup:, :occupation:, :address:, :regdate:, :guardianname:, :guardianphonenumber:, :doctorName:, :insurance:)', [...], false)
 4 SYSTEMPATH\Model.php(394): CodeIgniter\Database\BaseBuilder->insert()
 5 SYSTEMPATH\BaseModel.php(838): CodeIgniter\Model->doInsert([...])
 6 SYSTEMPATH\Model.php(797): CodeIgniter\BaseModel->insert([...], true)
 7 APPPATH\Controllers\Api\PatientController.php(44): CodeIgniter\Model->insert([...])
 8 SYSTEMPATH\CodeIgniter.php(933): App\Controllers\Api\PatientController->add()
 9 SYSTEMPATH\CodeIgniter.php(507): CodeIgniter\CodeIgniter->runController(Object(App\Controllers\Api\PatientController))
10 SYSTEMPATH\CodeIgniter.php(354): CodeIgniter\CodeIgniter->handleRequest(null, Object(Config\Cache), false)
11 SYSTEMPATH\Boot.php(363): CodeIgniter\CodeIgniter->run()
12 SYSTEMPATH\Boot.php(68): CodeIgniter\Boot::runCodeIgniter(Object(CodeIgniter\CodeIgniter))
13 FCPATH\index.php(59): CodeIgniter\Boot::bootWeb(Object(Config\Paths))
14 SYSTEMPATH\rewrite.php(44): require_once('C:\\xampp\\htdocs\\DentAssist\\public\\index.php')
CRITICAL - 2025-10-19 10:06:00 --> [Caused by] mysqli_sql_exception: Duplicate entry 'ayeshatayyab027@gmail.com' for key 'email'
in SYSTEMPATH\Database\MySQLi\Connection.php on line 327.
 1 SYSTEMPATH\Database\MySQLi\Connection.php(327): mysqli->query('INSERT INTO `patients` (`name`, `email`, `mobile_no`, `gender`, `dob`, `cnic`, `bloodGroup`, `occupation`, `address`, `regdate`, `guardianname`, `guardianphonenumber`, `doctorName`, `insurance`) VALUES (\'ayesha tayyab Azeemi\', \'ayeshatayyab027@gmail.com\', \'03361213999\', \'female\', \'\', \'2\', \'\', \'\', \'Fb area karachi\', \'\', \'\', \'\', \'\', \'\')', 0)
 2 SYSTEMPATH\Database\BaseConnection.php(729): CodeIgniter\Database\MySQLi\Connection->execute('INSERT INTO `patients` (`name`, `email`, `mobile_no`, `gender`, `dob`, `cnic`, `bloodGroup`, `occupation`, `address`, `regdate`, `guardianname`, `guardianphonenumber`, `doctorName`, `insurance`) VALUES (\'ayesha tayyab Azeemi\', \'ayeshatayyab027@gmail.com\', \'03361213999\', \'female\', \'\', \'2\', \'\', \'\', \'Fb area karachi\', \'\', \'\', \'\', \'\', \'\')')
 3 SYSTEMPATH\Database\BaseConnection.php(646): CodeIgniter\Database\BaseConnection->simpleQuery('INSERT INTO `patients` (`name`, `email`, `mobile_no`, `gender`, `dob`, `cnic`, `bloodGroup`, `occupation`, `address`, `regdate`, `guardianname`, `guardianphonenumber`, `doctorName`, `insurance`) VALUES (\'ayesha tayyab Azeemi\', \'ayeshatayyab027@gmail.com\', \'03361213999\', \'female\', \'\', \'2\', \'\', \'\', \'Fb area karachi\', \'\', \'\', \'\', \'\', \'\')')
 4 SYSTEMPATH\Database\BaseBuilder.php(2345): CodeIgniter\Database\BaseConnection->query('INSERT INTO `patients` (`name`, `email`, `mobile_no`, `gender`, `dob`, `cnic`, `bloodGroup`, `occupation`, `address`, `regdate`, `guardianname`, `guardianphonenumber`, `doctorName`, `insurance`) VALUES (:name:, :email:, :mobile_no:, :gender:, :dob:, :cnic:, :bloodGroup:, :occupation:, :address:, :regdate:, :guardianname:, :guardianphonenumber:, :doctorName:, :insurance:)', [...], false)
 5 SYSTEMPATH\Model.php(394): CodeIgniter\Database\BaseBuilder->insert()
 6 SYSTEMPATH\BaseModel.php(838): CodeIgniter\Model->doInsert([...])
 7 SYSTEMPATH\Model.php(797): CodeIgniter\BaseModel->insert([...], true)
 8 APPPATH\Controllers\Api\PatientController.php(44): CodeIgniter\Model->insert([...])
 9 SYSTEMPATH\CodeIgniter.php(933): App\Controllers\Api\PatientController->add()
10 SYSTEMPATH\CodeIgniter.php(507): CodeIgniter\CodeIgniter->runController(Object(App\Controllers\Api\PatientController))
11 SYSTEMPATH\CodeIgniter.php(354): CodeIgniter\CodeIgniter->handleRequest(null, Object(Config\Cache), false)
12 SYSTEMPATH\Boot.php(363): CodeIgniter\CodeIgniter->run()
13 SYSTEMPATH\Boot.php(68): CodeIgniter\Boot::runCodeIgniter(Object(CodeIgniter\CodeIgniter))
14 FCPATH\index.php(59): CodeIgniter\Boot::bootWeb(Object(Config\Paths))
15 SYSTEMPATH\rewrite.php(44): require_once('C:\\xampp\\htdocs\\DentAssist\\public\\index.php')
DEBUG - 2025-10-19 10:06:06 --> Session: Class initialized using 'CodeIgniter\Session\Handlers\FileHandler' driver.
INFO - 2025-10-19 10:06:06 --> PatientController::add called via HTTP method: POST
DEBUG - 2025-10-19 10:06:06 --> Patient data received: {"name":"ayesha tayyab Azeemi","email":"","mobile_no":"03361213999","gender":"female","dob":"","cnic":"2","bloodGroup":"","occupation":"","address":"Fb area karachi","regdate":"","guardianname":"","guardianphonenumber":"","doctorName":"","insurance":""}
ERROR - 2025-10-19 10:06:06 --> mysqli_sql_exception: Duplicate entry '03361213999' for key 'mobile_no' in C:\xampp\htdocs\DentAssist\system\Database\MySQLi\Connection.php:327
Stack trace:
#0 C:\xampp\htdocs\DentAssist\system\Database\MySQLi\Connection.php(327): mysqli->query('INSERT INTO `pa...', 0)
#1 C:\xampp\htdocs\DentAssist\system\Database\BaseConnection.php(729): CodeIgniter\Database\MySQLi\Connection->execute('INSERT INTO `pa...')
#2 C:\xampp\htdocs\DentAssist\system\Database\BaseConnection.php(646): CodeIgniter\Database\BaseConnection->simpleQuery('INSERT INTO `pa...')
#3 C:\xampp\htdocs\DentAssist\system\Database\BaseBuilder.php(2345): CodeIgniter\Database\BaseConnection->query('INSERT INTO `pa...', Array, false)
#4 C:\xampp\htdocs\DentAssist\system\Model.php(394): CodeIgniter\Database\BaseBuilder->insert()
#5 C:\xampp\htdocs\DentAssist\system\BaseModel.php(838): CodeIgniter\Model->doInsert(Array)
#6 C:\xampp\htdocs\DentAssist\system\Model.php(797): CodeIgniter\BaseModel->insert(Array, true)
#7 C:\xampp\htdocs\DentAssist\app\Controllers\Api\PatientController.php(44): CodeIgniter\Model->insert(Array)
#8 C:\xampp\htdocs\DentAssist\system\CodeIgniter.php(933): App\Controllers\Api\PatientController->add()
#9 C:\xampp\htdocs\DentAssist\system\CodeIgniter.php(507): CodeIgniter\CodeIgniter->runController(Object(App\Controllers\Api\PatientController))
#10 C:\xampp\htdocs\DentAssist\system\CodeIgniter.php(354): CodeIgniter\CodeIgniter->handleRequest(NULL, Object(Config\Cache), false)
#11 C:\xampp\htdocs\DentAssist\system\Boot.php(363): CodeIgniter\CodeIgniter->run()
#12 C:\xampp\htdocs\DentAssist\system\Boot.php(68): CodeIgniter\Boot::runCodeIgniter(Object(CodeIgniter\CodeIgniter))
#13 C:\xampp\htdocs\DentAssist\public\index.php(59): CodeIgniter\Boot::bootWeb(Object(Config\Paths))
#14 C:\xampp\htdocs\DentAssist\system\rewrite.php(44): require_once('C:\\xampp\\htdocs...')
#15 {main}
CRITICAL - 2025-10-19 10:06:06 --> CodeIgniter\Database\Exceptions\DatabaseException: Duplicate entry '03361213999' for key 'mobile_no'
[Method: POST, Route: api/patient/add]
in SYSTEMPATH\Database\BaseConnection.php on line 684.
 1 SYSTEMPATH\Database\BaseBuilder.php(2345): CodeIgniter\Database\BaseConnection->query('INSERT INTO `patients` (`name`, `email`, `mobile_no`, `gender`, `dob`, `cnic`, `bloodGroup`, `occupation`, `address`, `regdate`, `guardianname`, `guardianphonenumber`, `doctorName`, `insurance`) VALUES (:name:, :email:, :mobile_no:, :gender:, :dob:, :cnic:, :bloodGroup:, :occupation:, :address:, :regdate:, :guardianname:, :guardianphonenumber:, :doctorName:, :insurance:)', [...], false)
 2 SYSTEMPATH\Model.php(394): CodeIgniter\Database\BaseBuilder->insert()
 3 SYSTEMPATH\BaseModel.php(838): CodeIgniter\Model->doInsert([...])
 4 SYSTEMPATH\Model.php(797): CodeIgniter\BaseModel->insert([...], true)
 5 APPPATH\Controllers\Api\PatientController.php(44): CodeIgniter\Model->insert([...])
 6 SYSTEMPATH\CodeIgniter.php(933): App\Controllers\Api\PatientController->add()
 7 SYSTEMPATH\CodeIgniter.php(507): CodeIgniter\CodeIgniter->runController(Object(App\Controllers\Api\PatientController))
 8 SYSTEMPATH\CodeIgniter.php(354): CodeIgniter\CodeIgniter->handleRequest(null, Object(Config\Cache), false)
 9 SYSTEMPATH\Boot.php(363): CodeIgniter\CodeIgniter->run()
10 SYSTEMPATH\Boot.php(68): CodeIgniter\Boot::runCodeIgniter(Object(CodeIgniter\CodeIgniter))
11 FCPATH\index.php(59): CodeIgniter\Boot::bootWeb(Object(Config\Paths))
12 SYSTEMPATH\rewrite.php(44): require_once('C:\\xampp\\htdocs\\DentAssist\\public\\index.php')
CRITICAL - 2025-10-19 10:06:06 --> [Caused by] CodeIgniter\Database\Exceptions\DatabaseException: Duplicate entry '03361213999' for key 'mobile_no'
in SYSTEMPATH\Database\MySQLi\Connection.php on line 332.
 1 SYSTEMPATH\Database\BaseConnection.php(729): CodeIgniter\Database\MySQLi\Connection->execute('INSERT INTO `patients` (`name`, `email`, `mobile_no`, `gender`, `dob`, `cnic`, `bloodGroup`, `occupation`, `address`, `regdate`, `guardianname`, `guardianphonenumber`, `doctorName`, `insurance`) VALUES (\'ayesha tayyab Azeemi\', \'\', \'03361213999\', \'female\', \'\', \'2\', \'\', \'\', \'Fb area karachi\', \'\', \'\', \'\', \'\', \'\')')
 2 SYSTEMPATH\Database\BaseConnection.php(646): CodeIgniter\Database\BaseConnection->simpleQuery('INSERT INTO `patients` (`name`, `email`, `mobile_no`, `gender`, `dob`, `cnic`, `bloodGroup`, `occupation`, `address`, `regdate`, `guardianname`, `guardianphonenumber`, `doctorName`, `insurance`) VALUES (\'ayesha tayyab Azeemi\', \'\', \'03361213999\', \'female\', \'\', \'2\', \'\', \'\', \'Fb area karachi\', \'\', \'\', \'\', \'\', \'\')')
 3 SYSTEMPATH\Database\BaseBuilder.php(2345): CodeIgniter\Database\BaseConnection->query('INSERT INTO `patients` (`name`, `email`, `mobile_no`, `gender`, `dob`, `cnic`, `bloodGroup`, `occupation`, `address`, `regdate`, `guardianname`, `guardianphonenumber`, `doctorName`, `insurance`) VALUES (:name:, :email:, :mobile_no:, :gender:, :dob:, :cnic:, :bloodGroup:, :occupation:, :address:, :regdate:, :guardianname:, :guardianphonenumber:, :doctorName:, :insurance:)', [...], false)
 4 SYSTEMPATH\Model.php(394): CodeIgniter\Database\BaseBuilder->insert()
 5 SYSTEMPATH\BaseModel.php(838): CodeIgniter\Model->doInsert([...])
 6 SYSTEMPATH\Model.php(797): CodeIgniter\BaseModel->insert([...], true)
 7 APPPATH\Controllers\Api\PatientController.php(44): CodeIgniter\Model->insert([...])
 8 SYSTEMPATH\CodeIgniter.php(933): App\Controllers\Api\PatientController->add()
 9 SYSTEMPATH\CodeIgniter.php(507): CodeIgniter\CodeIgniter->runController(Object(App\Controllers\Api\PatientController))
10 SYSTEMPATH\CodeIgniter.php(354): CodeIgniter\CodeIgniter->handleRequest(null, Object(Config\Cache), false)
11 SYSTEMPATH\Boot.php(363): CodeIgniter\CodeIgniter->run()
12 SYSTEMPATH\Boot.php(68): CodeIgniter\Boot::runCodeIgniter(Object(CodeIgniter\CodeIgniter))
13 FCPATH\index.php(59): CodeIgniter\Boot::bootWeb(Object(Config\Paths))
14 SYSTEMPATH\rewrite.php(44): require_once('C:\\xampp\\htdocs\\DentAssist\\public\\index.php')
CRITICAL - 2025-10-19 10:06:06 --> [Caused by] mysqli_sql_exception: Duplicate entry '03361213999' for key 'mobile_no'
in SYSTEMPATH\Database\MySQLi\Connection.php on line 327.
 1 SYSTEMPATH\Database\MySQLi\Connection.php(327): mysqli->query('INSERT INTO `patients` (`name`, `email`, `mobile_no`, `gender`, `dob`, `cnic`, `bloodGroup`, `occupation`, `address`, `regdate`, `guardianname`, `guardianphonenumber`, `doctorName`, `insurance`) VALUES (\'ayesha tayyab Azeemi\', \'\', \'03361213999\', \'female\', \'\', \'2\', \'\', \'\', \'Fb area karachi\', \'\', \'\', \'\', \'\', \'\')', 0)
 2 SYSTEMPATH\Database\BaseConnection.php(729): CodeIgniter\Database\MySQLi\Connection->execute('INSERT INTO `patients` (`name`, `email`, `mobile_no`, `gender`, `dob`, `cnic`, `bloodGroup`, `occupation`, `address`, `regdate`, `guardianname`, `guardianphonenumber`, `doctorName`, `insurance`) VALUES (\'ayesha tayyab Azeemi\', \'\', \'03361213999\', \'female\', \'\', \'2\', \'\', \'\', \'Fb area karachi\', \'\', \'\', \'\', \'\', \'\')')
 3 SYSTEMPATH\Database\BaseConnection.php(646): CodeIgniter\Database\BaseConnection->simpleQuery('INSERT INTO `patients` (`name`, `email`, `mobile_no`, `gender`, `dob`, `cnic`, `bloodGroup`, `occupation`, `address`, `regdate`, `guardianname`, `guardianphonenumber`, `doctorName`, `insurance`) VALUES (\'ayesha tayyab Azeemi\', \'\', \'03361213999\', \'female\', \'\', \'2\', \'\', \'\', \'Fb area karachi\', \'\', \'\', \'\', \'\', \'\')')
 4 SYSTEMPATH\Database\BaseBuilder.php(2345): CodeIgniter\Database\BaseConnection->query('INSERT INTO `patients` (`name`, `email`, `mobile_no`, `gender`, `dob`, `cnic`, `bloodGroup`, `occupation`, `address`, `regdate`, `guardianname`, `guardianphonenumber`, `doctorName`, `insurance`) VALUES (:name:, :email:, :mobile_no:, :gender:, :dob:, :cnic:, :bloodGroup:, :occupation:, :address:, :regdate:, :guardianname:, :guardianphonenumber:, :doctorName:, :insurance:)', [...], false)
 5 SYSTEMPATH\Model.php(394): CodeIgniter\Database\BaseBuilder->insert()
 6 SYSTEMPATH\BaseModel.php(838): CodeIgniter\Model->doInsert([...])
 7 SYSTEMPATH\Model.php(797): CodeIgniter\BaseModel->insert([...], true)
 8 APPPATH\Controllers\Api\PatientController.php(44): CodeIgniter\Model->insert([...])
 9 SYSTEMPATH\CodeIgniter.php(933): App\Controllers\Api\PatientController->add()
10 SYSTEMPATH\CodeIgniter.php(507): CodeIgniter\CodeIgniter->runController(Object(App\Controllers\Api\PatientController))
11 SYSTEMPATH\CodeIgniter.php(354): CodeIgniter\CodeIgniter->handleRequest(null, Object(Config\Cache), false)
12 SYSTEMPATH\Boot.php(363): CodeIgniter\CodeIgniter->run()
13 SYSTEMPATH\Boot.php(68): CodeIgniter\Boot::runCodeIgniter(Object(CodeIgniter\CodeIgniter))
14 FCPATH\index.php(59): CodeIgniter\Boot::bootWeb(Object(Config\Paths))
15 SYSTEMPATH\rewrite.php(44): require_once('C:\\xampp\\htdocs\\DentAssist\\public\\index.php')
DEBUG - 2025-10-19 10:06:11 --> Session: Class initialized using 'CodeIgniter\Session\Handlers\FileHandler' driver.
DEBUG - 2025-10-19 10:13:06 --> Session: Class initialized using 'CodeIgniter\Session\Handlers\FileHandler' driver.
DEBUG - 2025-10-19 10:13:16 --> Session: Class initialized using 'CodeIgniter\Session\Handlers\FileHandler' driver.
DEBUG - 2025-10-19 10:13:51 --> Session: Class initialized using 'CodeIgniter\Session\Handlers\FileHandler' driver.
DEBUG - 2025-10-19 10:13:54 --> Session: Class initialized using 'CodeIgniter\Session\Handlers\FileHandler' driver.
DEBUG - 2025-10-19 10:18:11 --> Session: Class initialized using 'CodeIgniter\Session\Handlers\FileHandler' driver.
DEBUG - 2025-10-19 10:18:31 --> Session: Class initialized using 'CodeIgniter\Session\Handlers\FileHandler' driver.
DEBUG - 2025-10-19 10:18:48 --> Session: Class initialized using 'CodeIgniter\Session\Handlers\FileHandler' driver.
DEBUG - 2025-10-19 10:22:35 --> Session: Class initialized using 'CodeIgniter\Session\Handlers\FileHandler' driver.
DEBUG - 2025-10-19 10:33:54 --> Session: Class initialized using 'CodeIgniter\Session\Handlers\FileHandler' driver.
ERROR - 2025-10-19 10:33:54 --> mysqli_sql_exception: Duplicate entry '' for key 'cnic' in C:\xampp\htdocs\DentAssist\system\Database\MySQLi\Connection.php:327
Stack trace:
#0 C:\xampp\htdocs\DentAssist\system\Database\MySQLi\Connection.php(327): mysqli->query('INSERT INTO `pa...', 0)
#1 C:\xampp\htdocs\DentAssist\system\Database\BaseConnection.php(729): CodeIgniter\Database\MySQLi\Connection->execute('INSERT INTO `pa...')
#2 C:\xampp\htdocs\DentAssist\system\Database\BaseConnection.php(646): CodeIgniter\Database\BaseConnection->simpleQuery('INSERT INTO `pa...')
#3 C:\xampp\htdocs\DentAssist\system\Database\BaseBuilder.php(2345): CodeIgniter\Database\BaseConnection->query('INSERT INTO `pa...', Array, false)
#4 C:\xampp\htdocs\DentAssist\system\Model.php(394): CodeIgniter\Database\BaseBuilder->insert()
#5 C:\xampp\htdocs\DentAssist\system\BaseModel.php(838): CodeIgniter\Model->doInsert(Array)
#6 C:\xampp\htdocs\DentAssist\system\Model.php(797): CodeIgniter\BaseModel->insert(Array, true)
#7 C:\xampp\htdocs\DentAssist\app\Controllers\Api\PatientController.php(48): CodeIgniter\Model->insert(Array)
#8 C:\xampp\htdocs\DentAssist\system\CodeIgniter.php(933): App\Controllers\Api\PatientController->add()
#9 C:\xampp\htdocs\DentAssist\system\CodeIgniter.php(507): CodeIgniter\CodeIgniter->runController(Object(App\Controllers\Api\PatientController))
#10 C:\xampp\htdocs\DentAssist\system\CodeIgniter.php(354): CodeIgniter\CodeIgniter->handleRequest(NULL, Object(Config\Cache), false)
#11 C:\xampp\htdocs\DentAssist\system\Boot.php(363): CodeIgniter\CodeIgniter->run()
#12 C:\xampp\htdocs\DentAssist\system\Boot.php(68): CodeIgniter\Boot::runCodeIgniter(Object(CodeIgniter\CodeIgniter))
#13 C:\xampp\htdocs\DentAssist\public\index.php(59): CodeIgniter\Boot::bootWeb(Object(Config\Paths))
#14 C:\xampp\htdocs\DentAssist\system\rewrite.php(44): require_once('C:\\xampp\\htdocs...')
#15 {main}
CRITICAL - 2025-10-19 10:33:54 --> CodeIgniter\Database\Exceptions\DatabaseException: Duplicate entry '' for key 'cnic'
[Method: POST, Route: api/patient/add]
in SYSTEMPATH\Database\BaseConnection.php on line 684.
 1 SYSTEMPATH\Database\BaseBuilder.php(2345): CodeIgniter\Database\BaseConnection->query('INSERT INTO `patients` (`name`, `email`, `mobile_no`, `gender`, `dob`, `cnic`, `bloodGroup`, `occupation`, `address`, `regdate`, `guardianname`, `guardianphonenumber`, `doctorName`, `insurance`) VALUES (:name:, :email:, :mobile_no:, :gender:, :dob:, :cnic:, :bloodGroup:, :occupation:, :address:, :regdate:, :guardianname:, :guardianphonenumber:, :doctorName:, :insurance:)', [...], false)
 2 SYSTEMPATH\Model.php(394): CodeIgniter\Database\BaseBuilder->insert()
 3 SYSTEMPATH\BaseModel.php(838): CodeIgniter\Model->doInsert([...])
 4 SYSTEMPATH\Model.php(797): CodeIgniter\BaseModel->insert([...], true)
 5 APPPATH\Controllers\Api\PatientController.php(48): CodeIgniter\Model->insert([...])
 6 SYSTEMPATH\CodeIgniter.php(933): App\Controllers\Api\PatientController->add()
 7 SYSTEMPATH\CodeIgniter.php(507): CodeIgniter\CodeIgniter->runController(Object(App\Controllers\Api\PatientController))
 8 SYSTEMPATH\CodeIgniter.php(354): CodeIgniter\CodeIgniter->handleRequest(null, Object(Config\Cache), false)
 9 SYSTEMPATH\Boot.php(363): CodeIgniter\CodeIgniter->run()
10 SYSTEMPATH\Boot.php(68): CodeIgniter\Boot::runCodeIgniter(Object(CodeIgniter\CodeIgniter))
11 FCPATH\index.php(59): CodeIgniter\Boot::bootWeb(Object(Config\Paths))
12 SYSTEMPATH\rewrite.php(44): require_once('C:\\xampp\\htdocs\\DentAssist\\public\\index.php')
CRITICAL - 2025-10-19 10:33:54 --> [Caused by] CodeIgniter\Database\Exceptions\DatabaseException: Duplicate entry '' for key 'cnic'
in SYSTEMPATH\Database\MySQLi\Connection.php on line 332.
 1 SYSTEMPATH\Database\BaseConnection.php(729): CodeIgniter\Database\MySQLi\Connection->execute('INSERT INTO `patients` (`name`, `email`, `mobile_no`, `gender`, `dob`, `cnic`, `bloodGroup`, `occupation`, `address`, `regdate`, `guardianname`, `guardianphonenumber`, `doctorName`, `insurance`) VALUES (\'ss\', \'\', \'03361213990\', \'female\', \'\', \'\', \'\', \'\', \'Fb area karachi\', \'\', \'\', \'\', \'\', \'\')')
 2 SYSTEMPATH\Database\BaseConnection.php(646): CodeIgniter\Database\BaseConnection->simpleQuery('INSERT INTO `patients` (`name`, `email`, `mobile_no`, `gender`, `dob`, `cnic`, `bloodGroup`, `occupation`, `address`, `regdate`, `guardianname`, `guardianphonenumber`, `doctorName`, `insurance`) VALUES (\'ss\', \'\', \'03361213990\', \'female\', \'\', \'\', \'\', \'\', \'Fb area karachi\', \'\', \'\', \'\', \'\', \'\')')
 3 SYSTEMPATH\Database\BaseBuilder.php(2345): CodeIgniter\Database\BaseConnection->query('INSERT INTO `patients` (`name`, `email`, `mobile_no`, `gender`, `dob`, `cnic`, `bloodGroup`, `occupation`, `address`, `regdate`, `guardianname`, `guardianphonenumber`, `doctorName`, `insurance`) VALUES (:name:, :email:, :mobile_no:, :gender:, :dob:, :cnic:, :bloodGroup:, :occupation:, :address:, :regdate:, :guardianname:, :guardianphonenumber:, :doctorName:, :insurance:)', [...], false)
 4 SYSTEMPATH\Model.php(394): CodeIgniter\Database\BaseBuilder->insert()
 5 SYSTEMPATH\BaseModel.php(838): CodeIgniter\Model->doInsert([...])
 6 SYSTEMPATH\Model.php(797): CodeIgniter\BaseModel->insert([...], true)
 7 APPPATH\Controllers\Api\PatientController.php(48): CodeIgniter\Model->insert([...])
 8 SYSTEMPATH\CodeIgniter.php(933): App\Controllers\Api\PatientController->add()
 9 SYSTEMPATH\CodeIgniter.php(507): CodeIgniter\CodeIgniter->runController(Object(App\Controllers\Api\PatientController))
10 SYSTEMPATH\CodeIgniter.php(354): CodeIgniter\CodeIgniter->handleRequest(null, Object(Config\Cache), false)
11 SYSTEMPATH\Boot.php(363): CodeIgniter\CodeIgniter->run()
12 SYSTEMPATH\Boot.php(68): CodeIgniter\Boot::runCodeIgniter(Object(CodeIgniter\CodeIgniter))
13 FCPATH\index.php(59): CodeIgniter\Boot::bootWeb(Object(Config\Paths))
14 SYSTEMPATH\rewrite.php(44): require_once('C:\\xampp\\htdocs\\DentAssist\\public\\index.php')
CRITICAL - 2025-10-19 10:33:54 --> [Caused by] mysqli_sql_exception: Duplicate entry '' for key 'cnic'
in SYSTEMPATH\Database\MySQLi\Connection.php on line 327.
 1 SYSTEMPATH\Database\MySQLi\Connection.php(327): mysqli->query('INSERT INTO `patients` (`name`, `email`, `mobile_no`, `gender`, `dob`, `cnic`, `bloodGroup`, `occupation`, `address`, `regdate`, `guardianname`, `guardianphonenumber`, `doctorName`, `insurance`) VALUES (\'ss\', \'\', \'03361213990\', \'female\', \'\', \'\', \'\', \'\', \'Fb area karachi\', \'\', \'\', \'\', \'\', \'\')', 0)
 2 SYSTEMPATH\Database\BaseConnection.php(729): CodeIgniter\Database\MySQLi\Connection->execute('INSERT INTO `patients` (`name`, `email`, `mobile_no`, `gender`, `dob`, `cnic`, `bloodGroup`, `occupation`, `address`, `regdate`, `guardianname`, `guardianphonenumber`, `doctorName`, `insurance`) VALUES (\'ss\', \'\', \'03361213990\', \'female\', \'\', \'\', \'\', \'\', \'Fb area karachi\', \'\', \'\', \'\', \'\', \'\')')
 3 SYSTEMPATH\Database\BaseConnection.php(646): CodeIgniter\Database\BaseConnection->simpleQuery('INSERT INTO `patients` (`name`, `email`, `mobile_no`, `gender`, `dob`, `cnic`, `bloodGroup`, `occupation`, `address`, `regdate`, `guardianname`, `guardianphonenumber`, `doctorName`, `insurance`) VALUES (\'ss\', \'\', \'03361213990\', \'female\', \'\', \'\', \'\', \'\', \'Fb area karachi\', \'\', \'\', \'\', \'\', \'\')')
 4 SYSTEMPATH\Database\BaseBuilder.php(2345): CodeIgniter\Database\BaseConnection->query('INSERT INTO `patients` (`name`, `email`, `mobile_no`, `gender`, `dob`, `cnic`, `bloodGroup`, `occupation`, `address`, `regdate`, `guardianname`, `guardianphonenumber`, `doctorName`, `insurance`) VALUES (:name:, :email:, :mobile_no:, :gender:, :dob:, :cnic:, :bloodGroup:, :occupation:, :address:, :regdate:, :guardianname:, :guardianphonenumber:, :doctorName:, :insurance:)', [...], false)
 5 SYSTEMPATH\Model.php(394): CodeIgniter\Database\BaseBuilder->insert()
 6 SYSTEMPATH\BaseModel.php(838): CodeIgniter\Model->doInsert([...])
 7 SYSTEMPATH\Model.php(797): CodeIgniter\BaseModel->insert([...], true)
 8 APPPATH\Controllers\Api\PatientController.php(48): CodeIgniter\Model->insert([...])
 9 SYSTEMPATH\CodeIgniter.php(933): App\Controllers\Api\PatientController->add()
10 SYSTEMPATH\CodeIgniter.php(507): CodeIgniter\CodeIgniter->runController(Object(App\Controllers\Api\PatientController))
11 SYSTEMPATH\CodeIgniter.php(354): CodeIgniter\CodeIgniter->handleRequest(null, Object(Config\Cache), false)
12 SYSTEMPATH\Boot.php(363): CodeIgniter\CodeIgniter->run()
13 SYSTEMPATH\Boot.php(68): CodeIgniter\Boot::runCodeIgniter(Object(CodeIgniter\CodeIgniter))
14 FCPATH\index.php(59): CodeIgniter\Boot::bootWeb(Object(Config\Paths))
15 SYSTEMPATH\rewrite.php(44): require_once('C:\\xampp\\htdocs\\DentAssist\\public\\index.php')
DEBUG - 2025-10-19 10:34:10 --> Session: Class initialized using 'CodeIgniter\Session\Handlers\FileHandler' driver.
ERROR - 2025-10-19 10:34:10 --> mysqli_sql_exception: Duplicate entry '' for key 'cnic' in C:\xampp\htdocs\DentAssist\system\Database\MySQLi\Connection.php:327
Stack trace:
#0 C:\xampp\htdocs\DentAssist\system\Database\MySQLi\Connection.php(327): mysqli->query('INSERT INTO `pa...', 0)
#1 C:\xampp\htdocs\DentAssist\system\Database\BaseConnection.php(729): CodeIgniter\Database\MySQLi\Connection->execute('INSERT INTO `pa...')
#2 C:\xampp\htdocs\DentAssist\system\Database\BaseConnection.php(646): CodeIgniter\Database\BaseConnection->simpleQuery('INSERT INTO `pa...')
#3 C:\xampp\htdocs\DentAssist\system\Database\BaseBuilder.php(2345): CodeIgniter\Database\BaseConnection->query('INSERT INTO `pa...', Array, false)
#4 C:\xampp\htdocs\DentAssist\system\Model.php(394): CodeIgniter\Database\BaseBuilder->insert()
#5 C:\xampp\htdocs\DentAssist\system\BaseModel.php(838): CodeIgniter\Model->doInsert(Array)
#6 C:\xampp\htdocs\DentAssist\system\Model.php(797): CodeIgniter\BaseModel->insert(Array, true)
#7 C:\xampp\htdocs\DentAssist\app\Controllers\Api\PatientController.php(48): CodeIgniter\Model->insert(Array)
#8 C:\xampp\htdocs\DentAssist\system\CodeIgniter.php(933): App\Controllers\Api\PatientController->add()
#9 C:\xampp\htdocs\DentAssist\system\CodeIgniter.php(507): CodeIgniter\CodeIgniter->runController(Object(App\Controllers\Api\PatientController))
#10 C:\xampp\htdocs\DentAssist\system\CodeIgniter.php(354): CodeIgniter\CodeIgniter->handleRequest(NULL, Object(Config\Cache), false)
#11 C:\xampp\htdocs\DentAssist\system\Boot.php(363): CodeIgniter\CodeIgniter->run()
#12 C:\xampp\htdocs\DentAssist\system\Boot.php(68): CodeIgniter\Boot::runCodeIgniter(Object(CodeIgniter\CodeIgniter))
#13 C:\xampp\htdocs\DentAssist\public\index.php(59): CodeIgniter\Boot::bootWeb(Object(Config\Paths))
#14 C:\xampp\htdocs\DentAssist\system\rewrite.php(44): require_once('C:\\xampp\\htdocs...')
#15 {main}
CRITICAL - 2025-10-19 10:34:10 --> CodeIgniter\Database\Exceptions\DatabaseException: Duplicate entry '' for key 'cnic'
[Method: POST, Route: api/patient/add]
in SYSTEMPATH\Database\BaseConnection.php on line 684.
 1 SYSTEMPATH\Database\BaseBuilder.php(2345): CodeIgniter\Database\BaseConnection->query('INSERT INTO `patients` (`name`, `email`, `mobile_no`, `gender`, `dob`, `cnic`, `bloodGroup`, `occupation`, `address`, `regdate`, `guardianname`, `guardianphonenumber`, `doctorName`, `insurance`) VALUES (:name:, :email:, :mobile_no:, :gender:, :dob:, :cnic:, :bloodGroup:, :occupation:, :address:, :regdate:, :guardianname:, :guardianphonenumber:, :doctorName:, :insurance:)', [...], false)
 2 SYSTEMPATH\Model.php(394): CodeIgniter\Database\BaseBuilder->insert()
 3 SYSTEMPATH\BaseModel.php(838): CodeIgniter\Model->doInsert([...])
 4 SYSTEMPATH\Model.php(797): CodeIgniter\BaseModel->insert([...], true)
 5 APPPATH\Controllers\Api\PatientController.php(48): CodeIgniter\Model->insert([...])
 6 SYSTEMPATH\CodeIgniter.php(933): App\Controllers\Api\PatientController->add()
 7 SYSTEMPATH\CodeIgniter.php(507): CodeIgniter\CodeIgniter->runController(Object(App\Controllers\Api\PatientController))
 8 SYSTEMPATH\CodeIgniter.php(354): CodeIgniter\CodeIgniter->handleRequest(null, Object(Config\Cache), false)
 9 SYSTEMPATH\Boot.php(363): CodeIgniter\CodeIgniter->run()
10 SYSTEMPATH\Boot.php(68): CodeIgniter\Boot::runCodeIgniter(Object(CodeIgniter\CodeIgniter))
11 FCPATH\index.php(59): CodeIgniter\Boot::bootWeb(Object(Config\Paths))
12 SYSTEMPATH\rewrite.php(44): require_once('C:\\xampp\\htdocs\\DentAssist\\public\\index.php')
CRITICAL - 2025-10-19 10:34:10 --> [Caused by] CodeIgniter\Database\Exceptions\DatabaseException: Duplicate entry '' for key 'cnic'
in SYSTEMPATH\Database\MySQLi\Connection.php on line 332.
 1 SYSTEMPATH\Database\BaseConnection.php(729): CodeIgniter\Database\MySQLi\Connection->execute('INSERT INTO `patients` (`name`, `email`, `mobile_no`, `gender`, `dob`, `cnic`, `bloodGroup`, `occupation`, `address`, `regdate`, `guardianname`, `guardianphonenumber`, `doctorName`, `insurance`) VALUES (\'ss\', \'\', \'03361213990\', \'female\', \'\', \'\', \'\', \'\', \'Fb area karachi\', \'\', \'\', \'\', \'\', \'\')')
 2 SYSTEMPATH\Database\BaseConnection.php(646): CodeIgniter\Database\BaseConnection->simpleQuery('INSERT INTO `patients` (`name`, `email`, `mobile_no`, `gender`, `dob`, `cnic`, `bloodGroup`, `occupation`, `address`, `regdate`, `guardianname`, `guardianphonenumber`, `doctorName`, `insurance`) VALUES (\'ss\', \'\', \'03361213990\', \'female\', \'\', \'\', \'\', \'\', \'Fb area karachi\', \'\', \'\', \'\', \'\', \'\')')
 3 SYSTEMPATH\Database\BaseBuilder.php(2345): CodeIgniter\Database\BaseConnection->query('INSERT INTO `patients` (`name`, `email`, `mobile_no`, `gender`, `dob`, `cnic`, `bloodGroup`, `occupation`, `address`, `regdate`, `guardianname`, `guardianphonenumber`, `doctorName`, `insurance`) VALUES (:name:, :email:, :mobile_no:, :gender:, :dob:, :cnic:, :bloodGroup:, :occupation:, :address:, :regdate:, :guardianname:, :guardianphonenumber:, :doctorName:, :insurance:)', [...], false)
 4 SYSTEMPATH\Model.php(394): CodeIgniter\Database\BaseBuilder->insert()
 5 SYSTEMPATH\BaseModel.php(838): CodeIgniter\Model->doInsert([...])
 6 SYSTEMPATH\Model.php(797): CodeIgniter\BaseModel->insert([...], true)
 7 APPPATH\Controllers\Api\PatientController.php(48): CodeIgniter\Model->insert([...])
 8 SYSTEMPATH\CodeIgniter.php(933): App\Controllers\Api\PatientController->add()
 9 SYSTEMPATH\CodeIgniter.php(507): CodeIgniter\CodeIgniter->runController(Object(App\Controllers\Api\PatientController))
10 SYSTEMPATH\CodeIgniter.php(354): CodeIgniter\CodeIgniter->handleRequest(null, Object(Config\Cache), false)
11 SYSTEMPATH\Boot.php(363): CodeIgniter\CodeIgniter->run()
12 SYSTEMPATH\Boot.php(68): CodeIgniter\Boot::runCodeIgniter(Object(CodeIgniter\CodeIgniter))
13 FCPATH\index.php(59): CodeIgniter\Boot::bootWeb(Object(Config\Paths))
14 SYSTEMPATH\rewrite.php(44): require_once('C:\\xampp\\htdocs\\DentAssist\\public\\index.php')
CRITICAL - 2025-10-19 10:34:10 --> [Caused by] mysqli_sql_exception: Duplicate entry '' for key 'cnic'
in SYSTEMPATH\Database\MySQLi\Connection.php on line 327.
 1 SYSTEMPATH\Database\MySQLi\Connection.php(327): mysqli->query('INSERT INTO `patients` (`name`, `email`, `mobile_no`, `gender`, `dob`, `cnic`, `bloodGroup`, `occupation`, `address`, `regdate`, `guardianname`, `guardianphonenumber`, `doctorName`, `insurance`) VALUES (\'ss\', \'\', \'03361213990\', \'female\', \'\', \'\', \'\', \'\', \'Fb area karachi\', \'\', \'\', \'\', \'\', \'\')', 0)
 2 SYSTEMPATH\Database\BaseConnection.php(729): CodeIgniter\Database\MySQLi\Connection->execute('INSERT INTO `patients` (`name`, `email`, `mobile_no`, `gender`, `dob`, `cnic`, `bloodGroup`, `occupation`, `address`, `regdate`, `guardianname`, `guardianphonenumber`, `doctorName`, `insurance`) VALUES (\'ss\', \'\', \'03361213990\', \'female\', \'\', \'\', \'\', \'\', \'Fb area karachi\', \'\', \'\', \'\', \'\', \'\')')
 3 SYSTEMPATH\Database\BaseConnection.php(646): CodeIgniter\Database\BaseConnection->simpleQuery('INSERT INTO `patients` (`name`, `email`, `mobile_no`, `gender`, `dob`, `cnic`, `bloodGroup`, `occupation`, `address`, `regdate`, `guardianname`, `guardianphonenumber`, `doctorName`, `insurance`) VALUES (\'ss\', \'\', \'03361213990\', \'female\', \'\', \'\', \'\', \'\', \'Fb area karachi\', \'\', \'\', \'\', \'\', \'\')')
 4 SYSTEMPATH\Database\BaseBuilder.php(2345): CodeIgniter\Database\BaseConnection->query('INSERT INTO `patients` (`name`, `email`, `mobile_no`, `gender`, `dob`, `cnic`, `bloodGroup`, `occupation`, `address`, `regdate`, `guardianname`, `guardianphonenumber`, `doctorName`, `insurance`) VALUES (:name:, :email:, :mobile_no:, :gender:, :dob:, :cnic:, :bloodGroup:, :occupation:, :address:, :regdate:, :guardianname:, :guardianphonenumber:, :doctorName:, :insurance:)', [...], false)
 5 SYSTEMPATH\Model.php(394): CodeIgniter\Database\BaseBuilder->insert()
 6 SYSTEMPATH\BaseModel.php(838): CodeIgniter\Model->doInsert([...])
 7 SYSTEMPATH\Model.php(797): CodeIgniter\BaseModel->insert([...], true)
 8 APPPATH\Controllers\Api\PatientController.php(48): CodeIgniter\Model->insert([...])
 9 SYSTEMPATH\CodeIgniter.php(933): App\Controllers\Api\PatientController->add()
10 SYSTEMPATH\CodeIgniter.php(507): CodeIgniter\CodeIgniter->runController(Object(App\Controllers\Api\PatientController))
11 SYSTEMPATH\CodeIgniter.php(354): CodeIgniter\CodeIgniter->handleRequest(null, Object(Config\Cache), false)
12 SYSTEMPATH\Boot.php(363): CodeIgniter\CodeIgniter->run()
13 SYSTEMPATH\Boot.php(68): CodeIgniter\Boot::runCodeIgniter(Object(CodeIgniter\CodeIgniter))
14 FCPATH\index.php(59): CodeIgniter\Boot::bootWeb(Object(Config\Paths))
15 SYSTEMPATH\rewrite.php(44): require_once('C:\\xampp\\htdocs\\DentAssist\\public\\index.php')
DEBUG - 2025-10-19 10:34:12 --> Session: Class initialized using 'CodeIgniter\Session\Handlers\FileHandler' driver.
DEBUG - 2025-10-19 10:34:33 --> Session: Class initialized using 'CodeIgniter\Session\Handlers\FileHandler' driver.
ERROR - 2025-10-19 10:34:33 --> mysqli_sql_exception: Duplicate entry '' for key 'cnic' in C:\xampp\htdocs\DentAssist\system\Database\MySQLi\Connection.php:327
Stack trace:
#0 C:\xampp\htdocs\DentAssist\system\Database\MySQLi\Connection.php(327): mysqli->query('INSERT INTO `pa...', 0)
#1 C:\xampp\htdocs\DentAssist\system\Database\BaseConnection.php(729): CodeIgniter\Database\MySQLi\Connection->execute('INSERT INTO `pa...')
#2 C:\xampp\htdocs\DentAssist\system\Database\BaseConnection.php(646): CodeIgniter\Database\BaseConnection->simpleQuery('INSERT INTO `pa...')
#3 C:\xampp\htdocs\DentAssist\system\Database\BaseBuilder.php(2345): CodeIgniter\Database\BaseConnection->query('INSERT INTO `pa...', Array, false)
#4 C:\xampp\htdocs\DentAssist\system\Model.php(394): CodeIgniter\Database\BaseBuilder->insert()
#5 C:\xampp\htdocs\DentAssist\system\BaseModel.php(838): CodeIgniter\Model->doInsert(Array)
#6 C:\xampp\htdocs\DentAssist\system\Model.php(797): CodeIgniter\BaseModel->insert(Array, true)
#7 C:\xampp\htdocs\DentAssist\app\Controllers\Api\PatientController.php(48): CodeIgniter\Model->insert(Array)
#8 C:\xampp\htdocs\DentAssist\system\CodeIgniter.php(933): App\Controllers\Api\PatientController->add()
#9 C:\xampp\htdocs\DentAssist\system\CodeIgniter.php(507): CodeIgniter\CodeIgniter->runController(Object(App\Controllers\Api\PatientController))
#10 C:\xampp\htdocs\DentAssist\system\CodeIgniter.php(354): CodeIgniter\CodeIgniter->handleRequest(NULL, Object(Config\Cache), false)
#11 C:\xampp\htdocs\DentAssist\system\Boot.php(363): CodeIgniter\CodeIgniter->run()
#12 C:\xampp\htdocs\DentAssist\system\Boot.php(68): CodeIgniter\Boot::runCodeIgniter(Object(CodeIgniter\CodeIgniter))
#13 C:\xampp\htdocs\DentAssist\public\index.php(59): CodeIgniter\Boot::bootWeb(Object(Config\Paths))
#14 C:\xampp\htdocs\DentAssist\system\rewrite.php(44): require_once('C:\\xampp\\htdocs...')
#15 {main}
CRITICAL - 2025-10-19 10:34:33 --> CodeIgniter\Database\Exceptions\DatabaseException: Duplicate entry '' for key 'cnic'
[Method: POST, Route: api/patient/add]
in SYSTEMPATH\Database\BaseConnection.php on line 684.
 1 SYSTEMPATH\Database\BaseBuilder.php(2345): CodeIgniter\Database\BaseConnection->query('INSERT INTO `patients` (`name`, `email`, `mobile_no`, `gender`, `dob`, `cnic`, `bloodGroup`, `occupation`, `address`, `regdate`, `guardianname`, `guardianphonenumber`, `doctorName`, `insurance`) VALUES (:name:, :email:, :mobile_no:, :gender:, :dob:, :cnic:, :bloodGroup:, :occupation:, :address:, :regdate:, :guardianname:, :guardianphonenumber:, :doctorName:, :insurance:)', [...], false)
 2 SYSTEMPATH\Model.php(394): CodeIgniter\Database\BaseBuilder->insert()
 3 SYSTEMPATH\BaseModel.php(838): CodeIgniter\Model->doInsert([...])
 4 SYSTEMPATH\Model.php(797): CodeIgniter\BaseModel->insert([...], true)
 5 APPPATH\Controllers\Api\PatientController.php(48): CodeIgniter\Model->insert([...])
 6 SYSTEMPATH\CodeIgniter.php(933): App\Controllers\Api\PatientController->add()
 7 SYSTEMPATH\CodeIgniter.php(507): CodeIgniter\CodeIgniter->runController(Object(App\Controllers\Api\PatientController))
 8 SYSTEMPATH\CodeIgniter.php(354): CodeIgniter\CodeIgniter->handleRequest(null, Object(Config\Cache), false)
 9 SYSTEMPATH\Boot.php(363): CodeIgniter\CodeIgniter->run()
10 SYSTEMPATH\Boot.php(68): CodeIgniter\Boot::runCodeIgniter(Object(CodeIgniter\CodeIgniter))
11 FCPATH\index.php(59): CodeIgniter\Boot::bootWeb(Object(Config\Paths))
12 SYSTEMPATH\rewrite.php(44): require_once('C:\\xampp\\htdocs\\DentAssist\\public\\index.php')
CRITICAL - 2025-10-19 10:34:33 --> [Caused by] CodeIgniter\Database\Exceptions\DatabaseException: Duplicate entry '' for key 'cnic'
in SYSTEMPATH\Database\MySQLi\Connection.php on line 332.
 1 SYSTEMPATH\Database\BaseConnection.php(729): CodeIgniter\Database\MySQLi\Connection->execute('INSERT INTO `patients` (`name`, `email`, `mobile_no`, `gender`, `dob`, `cnic`, `bloodGroup`, `occupation`, `address`, `regdate`, `guardianname`, `guardianphonenumber`, `doctorName`, `insurance`) VALUES (\'aa\', \'\', \'03361213990\', \'female\', \'\', \'\', \'\', \'\', \'Fb area karachi\', \'\', \'\', \'\', \'\', \'\')')
 2 SYSTEMPATH\Database\BaseConnection.php(646): CodeIgniter\Database\BaseConnection->simpleQuery('INSERT INTO `patients` (`name`, `email`, `mobile_no`, `gender`, `dob`, `cnic`, `bloodGroup`, `occupation`, `address`, `regdate`, `guardianname`, `guardianphonenumber`, `doctorName`, `insurance`) VALUES (\'aa\', \'\', \'03361213990\', \'female\', \'\', \'\', \'\', \'\', \'Fb area karachi\', \'\', \'\', \'\', \'\', \'\')')
 3 SYSTEMPATH\Database\BaseBuilder.php(2345): CodeIgniter\Database\BaseConnection->query('INSERT INTO `patients` (`name`, `email`, `mobile_no`, `gender`, `dob`, `cnic`, `bloodGroup`, `occupation`, `address`, `regdate`, `guardianname`, `guardianphonenumber`, `doctorName`, `insurance`) VALUES (:name:, :email:, :mobile_no:, :gender:, :dob:, :cnic:, :bloodGroup:, :occupation:, :address:, :regdate:, :guardianname:, :guardianphonenumber:, :doctorName:, :insurance:)', [...], false)
 4 SYSTEMPATH\Model.php(394): CodeIgniter\Database\BaseBuilder->insert()
 5 SYSTEMPATH\BaseModel.php(838): CodeIgniter\Model->doInsert([...])
 6 SYSTEMPATH\Model.php(797): CodeIgniter\BaseModel->insert([...], true)
 7 APPPATH\Controllers\Api\PatientController.php(48): CodeIgniter\Model->insert([...])
 8 SYSTEMPATH\CodeIgniter.php(933): App\Controllers\Api\PatientController->add()
 9 SYSTEMPATH\CodeIgniter.php(507): CodeIgniter\CodeIgniter->runController(Object(App\Controllers\Api\PatientController))
10 SYSTEMPATH\CodeIgniter.php(354): CodeIgniter\CodeIgniter->handleRequest(null, Object(Config\Cache), false)
11 SYSTEMPATH\Boot.php(363): CodeIgniter\CodeIgniter->run()
12 SYSTEMPATH\Boot.php(68): CodeIgniter\Boot::runCodeIgniter(Object(CodeIgniter\CodeIgniter))
13 FCPATH\index.php(59): CodeIgniter\Boot::bootWeb(Object(Config\Paths))
14 SYSTEMPATH\rewrite.php(44): require_once('C:\\xampp\\htdocs\\DentAssist\\public\\index.php')
CRITICAL - 2025-10-19 10:34:33 --> [Caused by] mysqli_sql_exception: Duplicate entry '' for key 'cnic'
in SYSTEMPATH\Database\MySQLi\Connection.php on line 327.
 1 SYSTEMPATH\Database\MySQLi\Connection.php(327): mysqli->query('INSERT INTO `patients` (`name`, `email`, `mobile_no`, `gender`, `dob`, `cnic`, `bloodGroup`, `occupation`, `address`, `regdate`, `guardianname`, `guardianphonenumber`, `doctorName`, `insurance`) VALUES (\'aa\', \'\', \'03361213990\', \'female\', \'\', \'\', \'\', \'\', \'Fb area karachi\', \'\', \'\', \'\', \'\', \'\')', 0)
 2 SYSTEMPATH\Database\BaseConnection.php(729): CodeIgniter\Database\MySQLi\Connection->execute('INSERT INTO `patients` (`name`, `email`, `mobile_no`, `gender`, `dob`, `cnic`, `bloodGroup`, `occupation`, `address`, `regdate`, `guardianname`, `guardianphonenumber`, `doctorName`, `insurance`) VALUES (\'aa\', \'\', \'03361213990\', \'female\', \'\', \'\', \'\', \'\', \'Fb area karachi\', \'\', \'\', \'\', \'\', \'\')')
 3 SYSTEMPATH\Database\BaseConnection.php(646): CodeIgniter\Database\BaseConnection->simpleQuery('INSERT INTO `patients` (`name`, `email`, `mobile_no`, `gender`, `dob`, `cnic`, `bloodGroup`, `occupation`, `address`, `regdate`, `guardianname`, `guardianphonenumber`, `doctorName`, `insurance`) VALUES (\'aa\', \'\', \'03361213990\', \'female\', \'\', \'\', \'\', \'\', \'Fb area karachi\', \'\', \'\', \'\', \'\', \'\')')
 4 SYSTEMPATH\Database\BaseBuilder.php(2345): CodeIgniter\Database\BaseConnection->query('INSERT INTO `patients` (`name`, `email`, `mobile_no`, `gender`, `dob`, `cnic`, `bloodGroup`, `occupation`, `address`, `regdate`, `guardianname`, `guardianphonenumber`, `doctorName`, `insurance`) VALUES (:name:, :email:, :mobile_no:, :gender:, :dob:, :cnic:, :bloodGroup:, :occupation:, :address:, :regdate:, :guardianname:, :guardianphonenumber:, :doctorName:, :insurance:)', [...], false)
 5 SYSTEMPATH\Model.php(394): CodeIgniter\Database\BaseBuilder->insert()
 6 SYSTEMPATH\BaseModel.php(838): CodeIgniter\Model->doInsert([...])
 7 SYSTEMPATH\Model.php(797): CodeIgniter\BaseModel->insert([...], true)
 8 APPPATH\Controllers\Api\PatientController.php(48): CodeIgniter\Model->insert([...])
 9 SYSTEMPATH\CodeIgniter.php(933): App\Controllers\Api\PatientController->add()
10 SYSTEMPATH\CodeIgniter.php(507): CodeIgniter\CodeIgniter->runController(Object(App\Controllers\Api\PatientController))
11 SYSTEMPATH\CodeIgniter.php(354): CodeIgniter\CodeIgniter->handleRequest(null, Object(Config\Cache), false)
12 SYSTEMPATH\Boot.php(363): CodeIgniter\CodeIgniter->run()
13 SYSTEMPATH\Boot.php(68): CodeIgniter\Boot::runCodeIgniter(Object(CodeIgniter\CodeIgniter))
14 FCPATH\index.php(59): CodeIgniter\Boot::bootWeb(Object(Config\Paths))
15 SYSTEMPATH\rewrite.php(44): require_once('C:\\xampp\\htdocs\\DentAssist\\public\\index.php')
DEBUG - 2025-10-19 10:37:05 --> Session: Class initialized using 'CodeIgniter\Session\Handlers\FileHandler' driver.
DEBUG - 2025-10-19 10:41:22 --> Session: Class initialized using 'CodeIgniter\Session\Handlers\FileHandler' driver.
DEBUG - 2025-10-19 10:41:44 --> Session: Class initialized using 'CodeIgniter\Session\Handlers\FileHandler' driver.
DEBUG - 2025-10-19 10:53:18 --> Session: Class initialized using 'CodeIgniter\Session\Handlers\FileHandler' driver.
DEBUG - 2025-10-19 10:53:38 --> Session: Class initialized using 'CodeIgniter\Session\Handlers\FileHandler' driver.
DEBUG - 2025-10-19 10:53:50 --> Session: Class initialized using 'CodeIgniter\Session\Handlers\FileHandler' driver.
DEBUG - 2025-10-19 10:54:11 --> Session: Class initialized using 'CodeIgniter\Session\Handlers\FileHandler' driver.
DEBUG - 2025-10-19 10:54:20 --> Session: Class initialized using 'CodeIgniter\Session\Handlers\FileHandler' driver.
DEBUG - 2025-10-19 10:54:41 --> Session: Class initialized using 'CodeIgniter\Session\Handlers\FileHandler' driver.
DEBUG - 2025-10-19 10:54:54 --> Session: Class initialized using 'CodeIgniter\Session\Handlers\FileHandler' driver.
DEBUG - 2025-10-19 10:55:13 --> Session: Class initialized using 'CodeIgniter\Session\Handlers\FileHandler' driver.
DEBUG - 2025-10-19 13:03:19 --> Session: Class initialized using 'CodeIgniter\Session\Handlers\FileHandler' driver.
DEBUG - 2025-10-19 13:03:33 --> Login form posted: Array
(
    [csrf_test_name] => 37e50843207a555576b7ed7152aae973
    [username] => admin
    [password] => 1234
    [role] => admin
)

DEBUG - 2025-10-19 13:05:13 --> Login form posted: Array
(
    [csrf_test_name] => 37e50843207a555576b7ed7152aae973
    [username] => admin@example.com
    [password] => 1234
    [role] => admin
)

DEBUG - 2025-10-19 13:05:14 --> Employee fetched for email admin@example.com: Array
(
    [employee_id] => 2
    [name] => Admin User
    [mobile_no] => 0000000000
    [email] => admin@example.com
    [gender] => male
    [dob] => 1990-01-01
    [address] => Admin Address
    [regdate] => 2025-10-17 22:53:47
    [is_admin] => 1
    [is_doctor] => 0
    [is_staff] => 0
    [is_receptionist] => 0
    [password] => 1234
)

DEBUG - 2025-10-19 13:05:14 --> Session: Class initialized using 'CodeIgniter\Session\Handlers\FileHandler' driver.
DEBUG - 2025-10-19 13:05:16 --> Session: Class initialized using 'CodeIgniter\Session\Handlers\FileHandler' driver.
DEBUG - 2025-10-19 13:06:12 --> Session: Class initialized using 'CodeIgniter\Session\Handlers\FileHandler' driver.
DEBUG - 2025-10-19 13:06:19 --> Session: Class initialized using 'CodeIgniter\Session\Handlers\FileHandler' driver.
DEBUG - 2025-10-19 14:29:50 --> Session: Class initialized using 'CodeIgniter\Session\Handlers\FileHandler' driver.
DEBUG - 2025-10-19 14:30:00 --> Session: Class initialized using 'CodeIgniter\Session\Handlers\FileHandler' driver.
DEBUG - 2025-10-19 14:30:00 --> Search query received: 0]
DEBUG - 2025-10-19 14:31:00 --> Session: Class initialized using 'CodeIgniter\Session\Handlers\FileHandler' driver.
DEBUG - 2025-10-19 14:31:00 --> Search query received: aaa
DEBUG - 2025-10-19 14:31:20 --> Session: Class initialized using 'CodeIgniter\Session\Handlers\FileHandler' driver.
DEBUG - 2025-10-19 14:31:20 --> Search query received: ss
DEBUG - 2025-10-19 14:32:19 --> Session: Class initialized using 'CodeIgniter\Session\Handlers\FileHandler' driver.
DEBUG - 2025-10-19 14:32:19 --> Search query received: 033
DEBUG - 2025-10-19 14:32:35 --> Session: Class initialized using 'CodeIgniter\Session\Handlers\FileHandler' driver.
DEBUG - 2025-10-19 14:32:36 --> Search query received: 0336
DEBUG - 2025-10-19 14:32:38 --> Session: Class initialized using 'CodeIgniter\Session\Handlers\FileHandler' driver.
DEBUG - 2025-10-19 14:32:38 --> Search query received: 03361
DEBUG - 2025-10-19 14:32:39 --> Session: Class initialized using 'CodeIgniter\Session\Handlers\FileHandler' driver.
DEBUG - 2025-10-19 14:32:39 --> Search query received: 033612
DEBUG - 2025-10-19 14:32:39 --> Session: Class initialized using 'CodeIgniter\Session\Handlers\FileHandler' driver.
DEBUG - 2025-10-19 14:32:39 --> Search query received: 0336121
DEBUG - 2025-10-19 14:32:45 --> Session: Class initialized using 'CodeIgniter\Session\Handlers\FileHandler' driver.
DEBUG - 2025-10-19 14:32:45 --> Search query received: 03361216
DEBUG - 2025-10-19 14:32:47 --> Session: Class initialized using 'CodeIgniter\Session\Handlers\FileHandler' driver.
DEBUG - 2025-10-19 14:32:47 --> Search query received: 0336121
DEBUG - 2025-10-19 14:32:48 --> Session: Class initialized using 'CodeIgniter\Session\Handlers\FileHandler' driver.
DEBUG - 2025-10-19 14:32:48 --> Search query received: 033612
DEBUG - 2025-10-19 14:32:50 --> Session: Class initialized using 'CodeIgniter\Session\Handlers\FileHandler' driver.
DEBUG - 2025-10-19 14:32:50 --> Search query received: 03361
DEBUG - 2025-10-19 14:32:50 --> Session: Class initialized using 'CodeIgniter\Session\Handlers\FileHandler' driver.
DEBUG - 2025-10-19 14:32:50 --> Search query received: 03
DEBUG - 2025-10-19 14:32:54 --> Session: Class initialized using 'CodeIgniter\Session\Handlers\FileHandler' driver.
DEBUG - 2025-10-19 14:32:54 --> Search query received: 033
DEBUG - 2025-10-19 14:32:58 --> Session: Class initialized using 'CodeIgniter\Session\Handlers\FileHandler' driver.
DEBUG - 2025-10-19 14:32:58 --> Search query received: 0336
DEBUG - 2025-10-19 14:33:20 --> Session: Class initialized using 'CodeIgniter\Session\Handlers\FileHandler' driver.
DEBUG - 2025-10-19 14:33:20 --> Search query received: 03
DEBUG - 2025-10-19 14:33:21 --> Session: Class initialized using 'CodeIgniter\Session\Handlers\FileHandler' driver.
DEBUG - 2025-10-19 14:33:21 --> Search query received: 033
DEBUG - 2025-10-19 14:33:22 --> Session: Class initialized using 'CodeIgniter\Session\Handlers\FileHandler' driver.
DEBUG - 2025-10-19 14:33:22 --> Search query received: 0336
DEBUG - 2025-10-19 14:33:24 --> Session: Class initialized using 'CodeIgniter\Session\Handlers\FileHandler' driver.
DEBUG - 2025-10-19 14:33:24 --> Search query received: 03368
DEBUG - 2025-10-19 14:33:27 --> Session: Class initialized using 'CodeIgniter\Session\Handlers\FileHandler' driver.
DEBUG - 2025-10-19 14:33:27 --> Search query received: 0336
DEBUG - 2025-10-19 14:34:05 --> Session: Class initialized using 'CodeIgniter\Session\Handlers\FileHandler' driver.
DEBUG - 2025-10-19 14:34:05 --> Search query received: 17
DEBUG - 2025-10-19 14:34:57 --> Session: Class initialized using 'CodeIgniter\Session\Handlers\FileHandler' driver.
DEBUG - 2025-10-19 14:34:58 --> Session: Class initialized using 'CodeIgniter\Session\Handlers\FileHandler' driver.
DEBUG - 2025-10-19 14:34:59 --> Session: Class initialized using 'CodeIgniter\Session\Handlers\FileHandler' driver.
DEBUG - 2025-10-19 14:35:03 --> Session: Class initialized using 'CodeIgniter\Session\Handlers\FileHandler' driver.
DEBUG - 2025-10-19 14:35:03 --> Session: Class initialized using 'CodeIgniter\Session\Handlers\FileHandler' driver.
DEBUG - 2025-10-19 14:35:12 --> Session: Class initialized using 'CodeIgniter\Session\Handlers\FileHandler' driver.
DEBUG - 2025-10-19 14:35:12 --> Session: Class initialized using 'CodeIgniter\Session\Handlers\FileHandler' driver.
DEBUG - 2025-10-19 14:35:52 --> Session: Class initialized using 'CodeIgniter\Session\Handlers\FileHandler' driver.
DEBUG - 2025-10-19 14:36:33 --> Session: Class initialized using 'CodeIgniter\Session\Handlers\FileHandler' driver.
DEBUG - 2025-10-19 14:37:11 --> Session: Class initialized using 'CodeIgniter\Session\Handlers\FileHandler' driver.
DEBUG - 2025-10-19 14:37:16 --> Session: Class initialized using 'CodeIgniter\Session\Handlers\FileHandler' driver.
DEBUG - 2025-10-19 14:38:18 --> Session: Class initialized using 'CodeIgniter\Session\Handlers\FileHandler' driver.
DEBUG - 2025-10-19 14:38:20 --> Session: Class initialized using 'CodeIgniter\Session\Handlers\FileHandler' driver.
DEBUG - 2025-10-19 14:38:22 --> Session: Class initialized using 'CodeIgniter\Session\Handlers\FileHandler' driver.
DEBUG - 2025-10-19 14:38:24 --> Session: Class initialized using 'CodeIgniter\Session\Handlers\FileHandler' driver.
DEBUG - 2025-10-19 14:38:25 --> Session: Class initialized using 'CodeIgniter\Session\Handlers\FileHandler' driver.
DEBUG - 2025-10-19 14:38:31 --> Session: Class initialized using 'CodeIgniter\Session\Handlers\FileHandler' driver.
DEBUG - 2025-10-19 14:38:34 --> Session: Class initialized using 'CodeIgniter\Session\Handlers\FileHandler' driver.
DEBUG - 2025-10-19 14:40:20 --> Session: Class initialized using 'CodeIgniter\Session\Handlers\FileHandler' driver.
DEBUG - 2025-10-19 14:40:21 --> Session: Class initialized using 'CodeIgniter\Session\Handlers\FileHandler' driver.
DEBUG - 2025-10-19 14:40:21 --> Session: Class initialized using 'CodeIgniter\Session\Handlers\FileHandler' driver.
DEBUG - 2025-10-19 14:40:25 --> Session: Class initialized using 'CodeIgniter\Session\Handlers\FileHandler' driver.
DEBUG - 2025-10-19 14:40:26 --> Session: Class initialized using 'CodeIgniter\Session\Handlers\FileHandler' driver.
DEBUG - 2025-10-19 14:40:28 --> Session: Class initialized using 'CodeIgniter\Session\Handlers\FileHandler' driver.
DEBUG - 2025-10-19 14:40:29 --> Session: Class initialized using 'CodeIgniter\Session\Handlers\FileHandler' driver.
DEBUG - 2025-10-19 14:40:31 --> Session: Class initialized using 'CodeIgniter\Session\Handlers\FileHandler' driver.
DEBUG - 2025-10-19 14:40:33 --> Session: Class initialized using 'CodeIgniter\Session\Handlers\FileHandler' driver.
DEBUG - 2025-10-19 14:40:36 --> Session: Class initialized using 'CodeIgniter\Session\Handlers\FileHandler' driver.
DEBUG - 2025-10-19 14:40:37 --> Session: Class initialized using 'CodeIgniter\Session\Handlers\FileHandler' driver.
DEBUG - 2025-10-19 14:40:43 --> Session: Class initialized using 'CodeIgniter\Session\Handlers\FileHandler' driver.
DEBUG - 2025-10-19 14:40:45 --> Session: Class initialized using 'CodeIgniter\Session\Handlers\FileHandler' driver.
DEBUG - 2025-10-19 14:40:46 --> Session: Class initialized using 'CodeIgniter\Session\Handlers\FileHandler' driver.
DEBUG - 2025-10-19 14:40:46 --> Session: Class initialized using 'CodeIgniter\Session\Handlers\FileHandler' driver.
DEBUG - 2025-10-19 14:40:48 --> Session: Class initialized using 'CodeIgniter\Session\Handlers\FileHandler' driver.
DEBUG - 2025-10-19 14:40:50 --> Session: Class initialized using 'CodeIgniter\Session\Handlers\FileHandler' driver.
DEBUG - 2025-10-19 14:40:51 --> Session: Class initialized using 'CodeIgniter\Session\Handlers\FileHandler' driver.
DEBUG - 2025-10-19 14:40:54 --> Session: Class initialized using 'CodeIgniter\Session\Handlers\FileHandler' driver.
DEBUG - 2025-10-19 14:40:55 --> Session: Class initialized using 'CodeIgniter\Session\Handlers\FileHandler' driver.
DEBUG - 2025-10-19 14:42:48 --> Session: Class initialized using 'CodeIgniter\Session\Handlers\FileHandler' driver.
DEBUG - 2025-10-19 14:44:56 --> Session: Class initialized using 'CodeIgniter\Session\Handlers\FileHandler' driver.
DEBUG - 2025-10-19 14:45:00 --> Session: Class initialized using 'CodeIgniter\Session\Handlers\FileHandler' driver.
DEBUG - 2025-10-19 14:45:07 --> Session: Class initialized using 'CodeIgniter\Session\Handlers\FileHandler' driver.
DEBUG - 2025-10-19 14:47:07 --> Session: Class initialized using 'CodeIgniter\Session\Handlers\FileHandler' driver.
DEBUG - 2025-10-19 14:47:54 --> Session: Class initialized using 'CodeIgniter\Session\Handlers\FileHandler' driver.
DEBUG - 2025-10-19 14:49:27 --> Session: Class initialized using 'CodeIgniter\Session\Handlers\FileHandler' driver.
DEBUG - 2025-10-19 14:49:31 --> Session: Class initialized using 'CodeIgniter\Session\Handlers\FileHandler' driver.
DEBUG - 2025-10-19 14:50:13 --> Session: Class initialized using 'CodeIgniter\Session\Handlers\FileHandler' driver.
DEBUG - 2025-10-19 14:50:38 --> Session: Class initialized using 'CodeIgniter\Session\Handlers\FileHandler' driver.
DEBUG - 2025-10-19 14:51:57 --> Session: Class initialized using 'CodeIgniter\Session\Handlers\FileHandler' driver.
DEBUG - 2025-10-19 14:52:19 --> Session: Class initialized using 'CodeIgniter\Session\Handlers\FileHandler' driver.
DEBUG - 2025-10-19 14:52:31 --> Session: Class initialized using 'CodeIgniter\Session\Handlers\FileHandler' driver.
DEBUG - 2025-10-19 14:54:11 --> Session: Class initialized using 'CodeIgniter\Session\Handlers\FileHandler' driver.
DEBUG - 2025-10-19 14:54:14 --> Session: Class initialized using 'CodeIgniter\Session\Handlers\FileHandler' driver.
DEBUG - 2025-10-19 14:54:33 --> Session: Class initialized using 'CodeIgniter\Session\Handlers\FileHandler' driver.
DEBUG - 2025-10-19 14:56:16 --> Session: Class initialized using 'CodeIgniter\Session\Handlers\FileHandler' driver.
DEBUG - 2025-10-19 14:56:20 --> Session: Class initialized using 'CodeIgniter\Session\Handlers\FileHandler' driver.
DEBUG - 2025-10-19 14:56:36 --> Session: Class initialized using 'CodeIgniter\Session\Handlers\FileHandler' driver.
DEBUG - 2025-10-19 14:58:13 --> Session: Class initialized using 'CodeIgniter\Session\Handlers\FileHandler' driver.
DEBUG - 2025-10-19 14:58:24 --> Session: Class initialized using 'CodeIgniter\Session\Handlers\FileHandler' driver.
DEBUG - 2025-10-19 14:58:37 --> Session: Class initialized using 'CodeIgniter\Session\Handlers\FileHandler' driver.
DEBUG - 2025-10-19 14:58:47 --> Session: Class initialized using 'CodeIgniter\Session\Handlers\FileHandler' driver.
DEBUG - 2025-10-19 14:58:56 --> Session: Class initialized using 'CodeIgniter\Session\Handlers\FileHandler' driver.
DEBUG - 2025-10-19 14:59:13 --> Session: Class initialized using 'CodeIgniter\Session\Handlers\FileHandler' driver.
DEBUG - 2025-10-19 14:59:22 --> Session: Class initialized using 'CodeIgniter\Session\Handlers\FileHandler' driver.
DEBUG - 2025-10-19 14:59:29 --> Session: Class initialized using 'CodeIgniter\Session\Handlers\FileHandler' driver.
DEBUG - 2025-10-19 15:00:14 --> Session: Class initialized using 'CodeIgniter\Session\Handlers\FileHandler' driver.
DEBUG - 2025-10-19 15:00:18 --> Session: Class initialized using 'CodeIgniter\Session\Handlers\FileHandler' driver.
DEBUG - 2025-10-19 15:00:19 --> Session: Class initialized using 'CodeIgniter\Session\Handlers\FileHandler' driver.
DEBUG - 2025-10-19 15:00:20 --> Session: Class initialized using 'CodeIgniter\Session\Handlers\FileHandler' driver.
DEBUG - 2025-10-19 15:00:26 --> Session: Class initialized using 'CodeIgniter\Session\Handlers\FileHandler' driver.
DEBUG - 2025-10-19 15:00:26 --> Session: Class initialized using 'CodeIgniter\Session\Handlers\FileHandler' driver.
DEBUG - 2025-10-19 16:47:59 --> Session: Class initialized using 'CodeIgniter\Session\Handlers\FileHandler' driver.
DEBUG - 2025-10-19 16:48:09 --> Session: Class initialized using 'CodeIgniter\Session\Handlers\FileHandler' driver.
DEBUG - 2025-10-19 16:48:10 --> Session: Class initialized using 'CodeIgniter\Session\Handlers\FileHandler' driver.
DEBUG - 2025-10-19 16:48:10 --> Session: Class initialized using 'CodeIgniter\Session\Handlers\FileHandler' driver.
DEBUG - 2025-10-19 16:48:25 --> Session: Class initialized using 'CodeIgniter\Session\Handlers\FileHandler' driver.
DEBUG - 2025-10-19 16:48:26 --> Session: Class initialized using 'CodeIgniter\Session\Handlers\FileHandler' driver.
DEBUG - 2025-10-19 16:48:28 --> Session: Class initialized using 'CodeIgniter\Session\Handlers\FileHandler' driver.
DEBUG - 2025-10-19 16:48:30 --> Session: Class initialized using 'CodeIgniter\Session\Handlers\FileHandler' driver.
DEBUG - 2025-10-19 16:48:34 --> Session: Class initialized using 'CodeIgniter\Session\Handlers\FileHandler' driver.
DEBUG - 2025-10-19 16:55:46 --> Session: Class initialized using 'CodeIgniter\Session\Handlers\FileHandler' driver.
DEBUG - 2025-10-19 16:55:49 --> Session: Class initialized using 'CodeIgniter\Session\Handlers\FileHandler' driver.
DEBUG - 2025-10-19 16:55:49 --> Session: Class initialized using 'CodeIgniter\Session\Handlers\FileHandler' driver.
DEBUG - 2025-10-19 17:29:02 --> Session: Class initialized using 'CodeIgniter\Session\Handlers\FileHandler' driver.
DEBUG - 2025-10-19 17:29:02 --> Session: Class initialized using 'CodeIgniter\Session\Handlers\FileHandler' driver.
DEBUG - 2025-10-19 17:29:03 --> Session: Class initialized using 'CodeIgniter\Session\Handlers\FileHandler' driver.
DEBUG - 2025-10-19 17:29:09 --> Session: Class initialized using 'CodeIgniter\Session\Handlers\FileHandler' driver.
DEBUG - 2025-10-19 17:29:12 --> Session: Class initialized using 'CodeIgniter\Session\Handlers\FileHandler' driver.
DEBUG - 2025-10-19 17:29:13 --> Session: Class initialized using 'CodeIgniter\Session\Handlers\FileHandler' driver.
DEBUG - 2025-10-19 17:29:15 --> Session: Class initialized using 'CodeIgniter\Session\Handlers\FileHandler' driver.
DEBUG - 2025-10-19 17:29:17 --> Session: Class initialized using 'CodeIgniter\Session\Handlers\FileHandler' driver.
DEBUG - 2025-10-19 17:29:18 --> Session: Class initialized using 'CodeIgniter\Session\Handlers\FileHandler' driver.
DEBUG - 2025-10-19 17:29:20 --> Session: Class initialized using 'CodeIgniter\Session\Handlers\FileHandler' driver.
DEBUG - 2025-10-19 17:29:23 --> Session: Class initialized using 'CodeIgniter\Session\Handlers\FileHandler' driver.
DEBUG - 2025-10-19 17:29:25 --> Session: Class initialized using 'CodeIgniter\Session\Handlers\FileHandler' driver.
DEBUG - 2025-10-19 17:29:26 --> Session: Class initialized using 'CodeIgniter\Session\Handlers\FileHandler' driver.
DEBUG - 2025-10-19 17:29:27 --> Session: Class initialized using 'CodeIgniter\Session\Handlers\FileHandler' driver.
DEBUG - 2025-10-19 17:30:19 --> Session: Class initialized using 'CodeIgniter\Session\Handlers\FileHandler' driver.
DEBUG - 2025-10-19 17:30:22 --> Session: Class initialized using 'CodeIgniter\Session\Handlers\FileHandler' driver.
DEBUG - 2025-10-19 17:30:23 --> Session: Class initialized using 'CodeIgniter\Session\Handlers\FileHandler' driver.
DEBUG - 2025-10-19 17:31:36 --> Session: Class initialized using 'CodeIgniter\Session\Handlers\FileHandler' driver.
DEBUG - 2025-10-19 17:31:39 --> Session: Class initialized using 'CodeIgniter\Session\Handlers\FileHandler' driver.
DEBUG - 2025-10-19 17:32:49 --> Session: Class initialized using 'CodeIgniter\Session\Handlers\FileHandler' driver.
DEBUG - 2025-10-19 17:32:57 --> Session: Class initialized using 'CodeIgniter\Session\Handlers\FileHandler' driver.
DEBUG - 2025-10-19 17:32:57 --> Session: Class initialized using 'CodeIgniter\Session\Handlers\FileHandler' driver.
DEBUG - 2025-10-19 17:33:55 --> Session: Class initialized using 'CodeIgniter\Session\Handlers\FileHandler' driver.
DEBUG - 2025-10-19 17:33:57 --> Session: Class initialized using 'CodeIgniter\Session\Handlers\FileHandler' driver.
DEBUG - 2025-10-19 17:33:58 --> Session: Class initialized using 'CodeIgniter\Session\Handlers\FileHandler' driver.
DEBUG - 2025-10-19 17:34:04 --> Session: Class initialized using 'CodeIgniter\Session\Handlers\FileHandler' driver.
DEBUG - 2025-10-19 17:34:05 --> Session: Class initialized using 'CodeIgniter\Session\Handlers\FileHandler' driver.
DEBUG - 2025-10-19 17:36:38 --> Session: Class initialized using 'CodeIgniter\Session\Handlers\FileHandler' driver.
DEBUG - 2025-10-19 17:36:42 --> Session: Class initialized using 'CodeIgniter\Session\Handlers\FileHandler' driver.
DEBUG - 2025-10-19 17:36:49 --> Session: Class initialized using 'CodeIgniter\Session\Handlers\FileHandler' driver.
DEBUG - 2025-10-19 17:36:56 --> Session: Class initialized using 'CodeIgniter\Session\Handlers\FileHandler' driver.
DEBUG - 2025-10-19 17:37:01 --> Session: Class initialized using 'CodeIgniter\Session\Handlers\FileHandler' driver.
DEBUG - 2025-10-19 17:37:43 --> Session: Class initialized using 'CodeIgniter\Session\Handlers\FileHandler' driver.
DEBUG - 2025-10-19 17:37:47 --> Session: Class initialized using 'CodeIgniter\Session\Handlers\FileHandler' driver.
DEBUG - 2025-10-19 17:38:46 --> Session: Class initialized using 'CodeIgniter\Session\Handlers\FileHandler' driver.
DEBUG - 2025-10-19 17:38:49 --> Session: Class initialized using 'CodeIgniter\Session\Handlers\FileHandler' driver.
DEBUG - 2025-10-19 17:42:19 --> Session: Class initialized using 'CodeIgniter\Session\Handlers\FileHandler' driver.
DEBUG - 2025-10-19 17:42:25 --> Session: Class initialized using 'CodeIgniter\Session\Handlers\FileHandler' driver.
DEBUG - 2025-10-19 17:42:28 --> Session: Class initialized using 'CodeIgniter\Session\Handlers\FileHandler' driver.
DEBUG - 2025-10-19 17:42:32 --> Session: Class initialized using 'CodeIgniter\Session\Handlers\FileHandler' driver.
DEBUG - 2025-10-19 17:42:36 --> Session: Class initialized using 'CodeIgniter\Session\Handlers\FileHandler' driver.
DEBUG - 2025-10-19 17:44:07 --> Session: Class initialized using 'CodeIgniter\Session\Handlers\FileHandler' driver.
DEBUG - 2025-10-19 17:44:10 --> Session: Class initialized using 'CodeIgniter\Session\Handlers\FileHandler' driver.
DEBUG - 2025-10-19 17:46:53 --> Session: Class initialized using 'CodeIgniter\Session\Handlers\FileHandler' driver.
DEBUG - 2025-10-19 17:47:05 --> Session: Class initialized using 'CodeIgniter\Session\Handlers\FileHandler' driver.
DEBUG - 2025-10-19 17:47:06 --> Session: Class initialized using 'CodeIgniter\Session\Handlers\FileHandler' driver.
DEBUG - 2025-10-19 17:47:55 --> Session: Class initialized using 'CodeIgniter\Session\Handlers\FileHandler' driver.
DEBUG - 2025-10-19 17:49:42 --> Session: Class initialized using 'CodeIgniter\Session\Handlers\FileHandler' driver.
DEBUG - 2025-10-19 17:49:46 --> Session: Class initialized using 'CodeIgniter\Session\Handlers\FileHandler' driver.
DEBUG - 2025-10-19 17:49:50 --> Session: Class initialized using 'CodeIgniter\Session\Handlers\FileHandler' driver.
DEBUG - 2025-10-19 17:49:51 --> Session: Class initialized using 'CodeIgniter\Session\Handlers\FileHandler' driver.
DEBUG - 2025-10-19 17:50:59 --> Session: Class initialized using 'CodeIgniter\Session\Handlers\FileHandler' driver.
DEBUG - 2025-10-19 17:51:03 --> Session: Class initialized using 'CodeIgniter\Session\Handlers\FileHandler' driver.
DEBUG - 2025-10-19 17:51:03 --> Session: Class initialized using 'CodeIgniter\Session\Handlers\FileHandler' driver.
DEBUG - 2025-10-19 17:51:04 --> Session: Class initialized using 'CodeIgniter\Session\Handlers\FileHandler' driver.
DEBUG - 2025-10-19 17:51:07 --> Session: Class initialized using 'CodeIgniter\Session\Handlers\FileHandler' driver.
DEBUG - 2025-10-19 17:51:24 --> Session: Class initialized using 'CodeIgniter\Session\Handlers\FileHandler' driver.
DEBUG - 2025-10-19 17:52:26 --> Session: Class initialized using 'CodeIgniter\Session\Handlers\FileHandler' driver.
ERROR - 2025-10-19 17:52:30 --> Error connecting to the database: mysqli_sql_exception: No connection could be made because the target machine actively refused it in C:\xampp\htdocs\DentAssist\system\Database\MySQLi\Connection.php:201
Stack trace:
#0 C:\xampp\htdocs\DentAssist\system\Database\MySQLi\Connection.php(201): mysqli->real_connect('localhost', 'root', Object(SensitiveParameterValue), 'dentassist_db', 3307, '', 0)
#1 C:\xampp\htdocs\DentAssist\system\Database\BaseConnection.php(419): CodeIgniter\Database\MySQLi\Connection->connect(false)
#2 C:\xampp\htdocs\DentAssist\system\Database\BaseConnection.php(614): CodeIgniter\Database\BaseConnection->initialize()
#3 C:\xampp\htdocs\DentAssist\system\Database\BaseBuilder.php(1649): CodeIgniter\Database\BaseConnection->query('SELECT `patient...', Array, false)
#4 C:\xampp\htdocs\DentAssist\system\Model.php(286): CodeIgniter\Database\BaseBuilder->get()
#5 C:\xampp\htdocs\DentAssist\system\BaseModel.php(677): CodeIgniter\Model->doFindAll(10, 0)
#6 C:\xampp\htdocs\DentAssist\app\Controllers\Api\PatientController.php(94): CodeIgniter\BaseModel->findAll(10)
#7 C:\xampp\htdocs\DentAssist\system\CodeIgniter.php(933): App\Controllers\Api\PatientController->search()
#8 C:\xampp\htdocs\DentAssist\system\CodeIgniter.php(507): CodeIgniter\CodeIgniter->runController(Object(App\Controllers\Api\PatientController))
#9 C:\xampp\htdocs\DentAssist\system\CodeIgniter.php(354): CodeIgniter\CodeIgniter->handleRequest(NULL, Object(Config\Cache), false)
#10 C:\xampp\htdocs\DentAssist\system\Boot.php(363): CodeIgniter\CodeIgniter->run()
#11 C:\xampp\htdocs\DentAssist\system\Boot.php(68): CodeIgniter\Boot::runCodeIgniter(Object(CodeIgniter\CodeIgniter))
#12 C:\xampp\htdocs\DentAssist\public\index.php(59): CodeIgniter\Boot::bootWeb(Object(Config\Paths))
#13 C:\xampp\htdocs\DentAssist\system\rewrite.php(44): require_once('C:\\xampp\\htdocs...')
#14 {main}

Next CodeIgniter\Database\Exceptions\DatabaseException: No connection could be made because the target machine actively refused it in C:\xampp\htdocs\DentAssist\system\Database\MySQLi\Connection.php:246
Stack trace:
#0 C:\xampp\htdocs\DentAssist\system\Database\BaseConnection.php(419): CodeIgniter\Database\MySQLi\Connection->connect(false)
#1 C:\xampp\htdocs\DentAssist\system\Database\BaseConnection.php(614): CodeIgniter\Database\BaseConnection->initialize()
#2 C:\xampp\htdocs\DentAssist\system\Database\BaseBuilder.php(1649): CodeIgniter\Database\BaseConnection->query('SELECT `patient...', Array, false)
#3 C:\xampp\htdocs\DentAssist\system\Model.php(286): CodeIgniter\Database\BaseBuilder->get()
#4 C:\xampp\htdocs\DentAssist\system\BaseModel.php(677): CodeIgniter\Model->doFindAll(10, 0)
#5 C:\xampp\htdocs\DentAssist\app\Controllers\Api\PatientController.php(94): CodeIgniter\BaseModel->findAll(10)
#6 C:\xampp\htdocs\DentAssist\system\CodeIgniter.php(933): App\Controllers\Api\PatientController->search()
#7 C:\xampp\htdocs\DentAssist\system\CodeIgniter.php(507): CodeIgniter\CodeIgniter->runController(Object(App\Controllers\Api\PatientController))
#8 C:\xampp\htdocs\DentAssist\system\CodeIgniter.php(354): CodeIgniter\CodeIgniter->handleRequest(NULL, Object(Config\Cache), false)
#9 C:\xampp\htdocs\DentAssist\system\Boot.php(363): CodeIgniter\CodeIgniter->run()
#10 C:\xampp\htdocs\DentAssist\system\Boot.php(68): CodeIgniter\Boot::runCodeIgniter(Object(CodeIgniter\CodeIgniter))
#11 C:\xampp\htdocs\DentAssist\public\index.php(59): CodeIgniter\Boot::bootWeb(Object(Config\Paths))
#12 C:\xampp\htdocs\DentAssist\system\rewrite.php(44): require_once('C:\\xampp\\htdocs...')
#13 {main}
CRITICAL - 2025-10-19 17:52:30 --> CodeIgniter\Database\Exceptions\DatabaseException: Unable to connect to the database.
Main connection [MySQLi]: No connection could be made because the target machine actively refused it
[Method: GET, Route: api/patient/search]
in SYSTEMPATH\Database\BaseConnection.php on line 465.
 1 SYSTEMPATH\Database\BaseConnection.php(614): CodeIgniter\Database\BaseConnection->initialize()
 2 SYSTEMPATH\Database\BaseBuilder.php(1649): CodeIgniter\Database\BaseConnection->query('SELECT `patient_id` AS `id`, `name`, `mobile_no`, `email`, `cnic`
FROM `patients`
WHERE   (
`patient_id` LIKE :patient_id: ESCAPE \'!\'
OR  `mobile_no` LIKE :mobile_no: ESCAPE \'!\'
OR  `email` LIKE :email: ESCAPE \'!\'
OR  `cnic` LIKE :cnic: ESCAPE \'!\'
OR  `name` LIKE :name: ESCAPE \'!\'
 )
 LIMIT 10', [...], false)
 3 SYSTEMPATH\Model.php(286): CodeIgniter\Database\BaseBuilder->get()
 4 SYSTEMPATH\BaseModel.php(677): CodeIgniter\Model->doFindAll(10, 0)
 5 APPPATH\Controllers\Api\PatientController.php(94): CodeIgniter\BaseModel->findAll(10)
 6 SYSTEMPATH\CodeIgniter.php(933): App\Controllers\Api\PatientController->search()
 7 SYSTEMPATH\CodeIgniter.php(507): CodeIgniter\CodeIgniter->runController(Object(App\Controllers\Api\PatientController))
 8 SYSTEMPATH\CodeIgniter.php(354): CodeIgniter\CodeIgniter->handleRequest(null, Object(Config\Cache), false)
 9 SYSTEMPATH\Boot.php(363): CodeIgniter\CodeIgniter->run()
10 SYSTEMPATH\Boot.php(68): CodeIgniter\Boot::runCodeIgniter(Object(CodeIgniter\CodeIgniter))
11 FCPATH\index.php(59): CodeIgniter\Boot::bootWeb(Object(Config\Paths))
12 SYSTEMPATH\rewrite.php(44): require_once('C:\\xampp\\htdocs\\DentAssist\\public\\index.php')
